assay_id,uniprot_id,organism,taxon,assay_type,selection_type,seq_len,n_single_mutants,n_total_mutants,msa_neff_l,msa_neff_l_category,in_experiment_01,homology_cluster_90,homology_cluster_70,homology_cluster_50,homology_cluster_30,structural_family
A0A140D2T1_ZIKV_Sourisseau_2019,A0A140D2T1_ZIKV,Zika virus (ZIKV),Virus,OrganismalFitness,Growth,3423,9576,9576,1.63,Medium,True,A0A140D2T1_ZIKV_Sourisseau_2019,A0A140D2T1_ZIKV_Sourisseau_2019,A0A140D2T1_ZIKV_Sourisseau_2019,A0A140D2T1_ZIKV_Sourisseau_2019,NA
A0A192B1T2_9HIV1_Haddox_2018,A0A192B1T2_9HIV1,Human immunodeficiency virus 1,Virus,OrganismalFitness,Growth,852,12577,12577,42.81,Medium,True,A0A192B1T2_9HIV1_Haddox_2018,A0A192B1T2_9HIV1_Haddox_2018,A0A192B1T2_9HIV1_Haddox_2018,A0A192B1T2_9HIV1_Haddox_2018,NA
A0A1I9GEU1_NEIME_Kennouche_2019,A0A1I9GEU1_NEIME,Neisseria meningitidis,Prokaryote,Activity,,161,922,922,14.07,Medium,True,A0A1I9GEU1_NEIME_Kennouche_2019,A0A1I9GEU1_NEIME_Kennouche_2019,A0A1I9GEU1_NEIME_Kennouche_2019,A0A1I9GEU1_NEIME_Kennouche_2019,NA
A0A247D711_LISMN_Stadelmann_2021,A0A247D711_LISMN,Listeria monocytogenes,Prokaryote,Activity,Flow cytometry,87,1653,1653,0.1,Low,True,A0A247D711_LISMN_Stadelmann_2021,A0A247D711_LISMN_Stadelmann_2021,A0A247D711_LISMN_Stadelmann_2021,A0A247D711_LISMN_Stadelmann_2021,NA
A0A2Z5U3Z0_9INFA_Doud_2016,A0A2Z5U3Z0_9INFA,Influenza A virus (A/WSN/1933(H1N1)),Virus,OrganismalFitness,Growth,565,10715,10715,16.01,Medium,True,A0A2Z5U3Z0_9INFA_Wu_2014,A0A2Z5U3Z0_9INFA_Wu_2014,A0A2Z5U3Z0_9INFA_Wu_2014,A0A2Z5U3Z0_9INFA_Wu_2014,NA
A0A2Z5U3Z0_9INFA_Wu_2014,A0A2Z5U3Z0_9INFA,Influenza A virus (A/WSN/1933(H1N1)),Virus,OrganismalFitness,Growth,565,2350,2350,16.01,Medium,True,A0A2Z5U3Z0_9INFA_Wu_2014,A0A2Z5U3Z0_9INFA_Wu_2014,A0A2Z5U3Z0_9INFA_Wu_2014,A0A2Z5U3Z0_9INFA_Wu_2014,NA
A4_HUMAN_Seuma_2022,A4_HUMAN,Homo sapiens,Human,Stability,survival assessment assay,770,796,14811,0.08,Low,True,A4_HUMAN_Seuma_2022,A4_HUMAN_Seuma_2022,A4_HUMAN_Seuma_2022,A4_HUMAN_Seuma_2022,NA
A4D664_9INFA_Soh_2019,A4D664_9INFA,Influenza A virus (A/green-winged teal/Ohio/175/1986(H2N1)),Virus,OrganismalFitness,Growth,759,14421,14421,1.7,Medium,True,A4D664_9INFA_Soh_2019,A4D664_9INFA_Soh_2019,A4D664_9INFA_Soh_2019,A4D664_9INFA_Soh_2019,NA
A4GRB6_PSEAI_Chen_2020,A4GRB6_PSEAI,Pseudomonas aeruginosa,Prokaryote,OrganismalFitness,Antibiotics resistance,266,5004,5004,120.61,High,True,A4GRB6_PSEAI_Chen_2020,A4GRB6_PSEAI_Chen_2020,A4GRB6_PSEAI_Chen_2020,A4GRB6_PSEAI_Chen_2020,NA
AACC1_PSEAI_Dandage_2018,AACC1_PSEAI,Pseudomonas aeruginosa,Prokaryote,OrganismalFitness,Antibiotics resistance,177,1801,1801,985.3,High,True,AACC1_PSEAI_Dandage_2018,AACC1_PSEAI_Dandage_2018,AACC1_PSEAI_Dandage_2018,AACC1_PSEAI_Dandage_2018,NA
ACE2_HUMAN_Chan_2020,ACE2_HUMAN,Homo sapiens,Human,Binding,Flow Cytometry Assay,805,2223,2223,1.97,Medium,True,ACE2_HUMAN_Chan_2020,ACE2_HUMAN_Chan_2020,ACE2_HUMAN_Chan_2020,ACE2_HUMAN_Chan_2020,NA
ADRB2_HUMAN_Jones_2020,ADRB2_HUMAN,Homo sapiens,Human,Activity,Receptor activity,413,7800,7800,67.99,Medium,True,ADRB2_HUMAN_Jones_2020,ADRB2_HUMAN_Jones_2020,ADRB2_HUMAN_Jones_2020,ADRB2_HUMAN_Jones_2020,NA
AICDA_HUMAN_Gajula_2014_3cycles,AICDA_HUMAN,Homo sapiens,Human,Activity,bulk RNA-sequencing,198,209,209,18.4,Medium,True,AICDA_HUMAN_Gajula_2014_3cycles,AICDA_HUMAN_Gajula_2014_3cycles,AICDA_HUMAN_Gajula_2014_3cycles,AICDA_HUMAN_Gajula_2014_3cycles,NA
AMFR_HUMAN_Tsuboyama_2023_4G3O,AMFR_HUMAN,Homo sapiens,Human,Stability,cDNA display proteolysis,47,820,2972,26.51,Medium,True,AMFR_HUMAN_Tsuboyama_2023_4G3O,AMFR_HUMAN_Tsuboyama_2023_4G3O,AMFR_HUMAN_Tsuboyama_2023_4G3O,AMFR_HUMAN_Tsuboyama_2023_4G3O,NA
AMIE_PSEAE_Wrenbeck_2017,AMIE_PSEAE,Pseudomonas aeruginosa,Prokaryote,Activity,Growth,346,6227,6227,89.1,Medium,True,AMIE_PSEAE_Wrenbeck_2017,AMIE_PSEAE_Wrenbeck_2017,AMIE_PSEAE_Wrenbeck_2017,AMIE_PSEAE_Wrenbeck_2017,NA
ANCSZ_Hobbs_2022,ANCSZ,Reconstructed ancestor,Eukaryote,Activity,enzymatic activity,627,4670,4670,1.79,Medium,True,ANCSZ_Hobbs_2022,ANCSZ_Hobbs_2022,ANCSZ_Hobbs_2022,ANCSZ_Hobbs_2022,NA
ARGR_ECOLI_Tsuboyama_2023_1AOY,ARGR_ECOLI,Escherichia coli,Prokaryote,Stability,cDNA display proteolysis,69,1287,1287,54.24,Medium,True,ARGR_ECOLI_Tsuboyama_2023_1AOY,ARGR_ECOLI_Tsuboyama_2023_1AOY,ARGR_ECOLI_Tsuboyama_2023_1AOY,ARGR_ECOLI_Tsuboyama_2023_1AOY,NA
B2L11_HUMAN_Dutta_2010_binding-Mcl-1,B2L11_HUMAN,Homo sapiens,Human,Binding,FACS,198,170,170,0.45,Low,True,B2L11_HUMAN_Dutta_2010_binding-Mcl-1,B2L11_HUMAN_Dutta_2010_binding-Mcl-1,B2L11_HUMAN_Dutta_2010_binding-Mcl-1,B2L11_HUMAN_Dutta_2010_binding-Mcl-1,NA
BBC1_YEAST_Tsuboyama_2023_1TG0,BBC1_YEAST,Saccharomyces cerevisiae,Eukaryote,Stability,cDNA display proteolysis,64,1084,2069,271.76,High,True,BBC1_YEAST_Tsuboyama_2023_1TG0,BBC1_YEAST_Tsuboyama_2023_1TG0,BBC1_YEAST_Tsuboyama_2023_1TG0,BBC1_YEAST_Tsuboyama_2023_1TG0,NA
BCHB_CHLTE_Tsuboyama_2023_2KRU,BCHB_CHLTE,Chlorobaculum tepidum,Prokaryote,Stability,cDNA display proteolysis,52,890,1572,51.95,Medium,True,BCHB_CHLTE_Tsuboyama_2023_2KRU,BCHB_CHLTE_Tsuboyama_2023_2KRU,BCHB_CHLTE_Tsuboyama_2023_2KRU,BCHB_CHLTE_Tsuboyama_2023_2KRU,NA
BLAT_ECOLX_Deng_2012,BLAT_ECOLX,Escherichia coli,Prokaryote,OrganismalFitness,Amp resistance,286,4996,4996,177.98,High,True,BLAT_ECOLX_Deng_2012,BLAT_ECOLX_Deng_2012,BLAT_ECOLX_Deng_2012,BLAT_ECOLX_Deng_2012,NA
BLAT_ECOLX_Firnberg_2014,BLAT_ECOLX,Escherichia coli,Prokaryote,OrganismalFitness,Growth,286,4783,4783,177.98,High,True,BLAT_ECOLX_Deng_2012,BLAT_ECOLX_Deng_2012,BLAT_ECOLX_Deng_2012,BLAT_ECOLX_Deng_2012,NA
BLAT_ECOLX_Jacquier_2013,BLAT_ECOLX,Escherichia coli,Prokaryote,OrganismalFitness,Amoxicillin resistance,286,989,989,177.98,High,True,BLAT_ECOLX_Deng_2012,BLAT_ECOLX_Deng_2012,BLAT_ECOLX_Deng_2012,BLAT_ECOLX_Deng_2012,NA
BLAT_ECOLX_Stiffler_2015,BLAT_ECOLX,Escherichia coli,Prokaryote,OrganismalFitness,Growth,286,4996,4996,177.98,High,True,BLAT_ECOLX_Deng_2012,BLAT_ECOLX_Deng_2012,BLAT_ECOLX_Deng_2012,BLAT_ECOLX_Deng_2012,NA
BRCA1_HUMAN_Findlay_2018,BRCA1_HUMAN,Homo sapiens,Human,OrganismalFitness,Growth,1863,1837,1837,0.05,Low,True,BRCA1_HUMAN_Findlay_2018,BRCA1_HUMAN_Findlay_2018,BRCA1_HUMAN_Findlay_2018,BRCA1_HUMAN_Findlay_2018,NA
BRCA2_HUMAN_Erwood_2022_HEK293T,BRCA2_HUMAN,Homo sapiens,Human,OrganismalFitness,Growth,3418,265,265,0.02,Low,True,BRCA2_HUMAN_Erwood_2022_HEK293T,BRCA2_HUMAN_Erwood_2022_HEK293T,BRCA2_HUMAN_Erwood_2022_HEK293T,BRCA2_HUMAN_Erwood_2022_HEK293T,NA
C6KNH7_9INFA_Lee_2018,C6KNH7_9INFA,Influenza A virus (A/Perth/16/2009(H3N2)),Virus,OrganismalFitness,Growth,566,10754,10754,16.0,Medium,True,C6KNH7_9INFA_Lee_2018,C6KNH7_9INFA_Lee_2018,C6KNH7_9INFA_Lee_2018,A0A2Z5U3Z0_9INFA_Wu_2014,NA
CALM1_HUMAN_Weile_2017,CALM1_HUMAN,Homo sapiens,Human,OrganismalFitness,complementation,149,1813,1813,190.77,High,True,CALM1_HUMAN_Weile_2017,CALM1_HUMAN_Weile_2017,CALM1_HUMAN_Weile_2017,CALM1_HUMAN_Weile_2017,NA
CAPSD_AAV2S_Sinai_2021,CAPSD_AAV2S,Adeno-associated virus 2 (isolate Srivastava/1982) (AAV-2),Virus,OrganismalFitness,,735,532,42328,0.26,Low,True,CAPSD_AAV2S_Sinai_2021,CAPSD_AAV2S_Sinai_2021,CAPSD_AAV2S_Sinai_2021,CAPSD_AAV2S_Sinai_2021,NA
CAR11_HUMAN_Meitlis_2020_gof,CAR11_HUMAN,Homo sapiens,Human,OrganismalFitness,survival assessment assay,1154,2374,2374,0.04,Low,True,CAR11_HUMAN_Meitlis_2020_lof,CAR11_HUMAN_Meitlis_2020_lof,CAR11_HUMAN_Meitlis_2020_lof,CAR11_HUMAN_Meitlis_2020_lof,NA
CAR11_HUMAN_Meitlis_2020_lof,CAR11_HUMAN,Homo sapiens,Human,OrganismalFitness,survival assessment assay,1154,2395,2395,0.04,Low,True,CAR11_HUMAN_Meitlis_2020_lof,CAR11_HUMAN_Meitlis_2020_lof,CAR11_HUMAN_Meitlis_2020_lof,CAR11_HUMAN_Meitlis_2020_lof,NA
CAS9_STRP1_Spencer_2017_positive,CAS9_STRP1,Streptococcus pyogenes,Prokaryote,Activity,Flow cytometry,1368,8117,8117,1.14,Medium,True,CAS9_STRP1_Spencer_2017_positive,CAS9_STRP1_Spencer_2017_positive,CAS9_STRP1_Spencer_2017_positive,CAS9_STRP1_Spencer_2017_positive,NA
CASP3_HUMAN_Roychowdhury_2020,CASP3_HUMAN,Homo sapiens,Human,Activity,,258,1567,1567,111.55,High,True,CASP3_HUMAN_Roychowdhury_2020,CASP3_HUMAN_Roychowdhury_2020,CASP3_HUMAN_Roychowdhury_2020,CASP3_HUMAN_Roychowdhury_2020,NA
CASP7_HUMAN_Roychowdhury_2020,CASP7_HUMAN,Homo sapiens,Human,Activity,,281,1680,1680,80.66,Medium,True,CASP7_HUMAN_Roychowdhury_2020,CASP7_HUMAN_Roychowdhury_2020,CASP3_HUMAN_Roychowdhury_2020,CASP3_HUMAN_Roychowdhury_2020,NA
CATR_CHLRE_Tsuboyama_2023_2AMI,CATR_CHLRE,Chlamydomonas reinhardtii,Eukaryote,Stability,cDNA display proteolysis,72,1340,1903,1107.51,High,True,CATR_CHLRE_Tsuboyama_2023_2AMI,CATR_CHLRE_Tsuboyama_2023_2AMI,CATR_CHLRE_Tsuboyama_2023_2AMI,CATR_CHLRE_Tsuboyama_2023_2AMI,NA
CBPA2_HUMAN_Tsuboyama_2023_1O6X,CBPA2_HUMAN,Homo sapiens,Human,Stability,cDNA display proteolysis,72,1357,2068,43.64,Medium,True,CBPA2_HUMAN_Tsuboyama_2023_1O6X,CBPA2_HUMAN_Tsuboyama_2023_1O6X,CBPA2_HUMAN_Tsuboyama_2023_1O6X,CBPA2_HUMAN_Tsuboyama_2023_1O6X,NA
CBS_HUMAN_Sun_2020,CBS_HUMAN,Homo sapiens,Human,OrganismalFitness,Growth,551,7217,7217,3.5,Medium,True,CBS_HUMAN_Sun_2020,CBS_HUMAN_Sun_2020,CBS_HUMAN_Sun_2020,CBS_HUMAN_Sun_2020,NA
CBX4_HUMAN_Tsuboyama_2023_2K28,CBX4_HUMAN,Homo sapiens,Human,Stability,cDNA display proteolysis,50,917,2282,269.65,High,True,CBX4_HUMAN_Tsuboyama_2023_2K28,CBX4_HUMAN_Tsuboyama_2023_2K28,CBX4_HUMAN_Tsuboyama_2023_2K28,CBX4_HUMAN_Tsuboyama_2023_2K28,NA
CCDB_ECOLI_Adkar_2012,CCDB_ECOLI,Escherichia coli,Prokaryote,Activity,toxin activity,101,1176,1176,168.82,High,True,CCDB_ECOLI_Tripathi_2016,CCDB_ECOLI_Tripathi_2016,CCDB_ECOLI_Tripathi_2016,CCDB_ECOLI_Tripathi_2016,NA
CCDB_ECOLI_Tripathi_2016,CCDB_ECOLI,Escherichia coli,Prokaryote,OrganismalFitness,Growth,101,1663,1663,168.82,High,True,CCDB_ECOLI_Tripathi_2016,CCDB_ECOLI_Tripathi_2016,CCDB_ECOLI_Tripathi_2016,CCDB_ECOLI_Tripathi_2016,NA
CCR5_HUMAN_Gill_2023,CCR5_HUMAN,Homo sapiens,Human,Binding,FACS,352,6137,6137,182.74,High,True,CCR5_HUMAN_Gill_2023,CCR5_HUMAN_Gill_2023,CCR5_HUMAN_Gill_2023,CCR5_HUMAN_Gill_2023,NA
CD19_HUMAN_Klesmith_2019_FMC_singles,CD19_HUMAN,Homo sapiens,Human,Binding,FACS,556,3761,3761,0.5,Low,True,CD19_HUMAN_Klesmith_2019_FMC_singles,CD19_HUMAN_Klesmith_2019_FMC_singles,CD19_HUMAN_Klesmith_2019_FMC_singles,CD19_HUMAN_Klesmith_2019_FMC_singles,NA
CP2C9_HUMAN_Amorosi_2021_abundance,CP2C9_HUMAN,Homo sapiens,Human,Expression,protein abundance,490,6370,6370,165.48,High,True,CP2C9_HUMAN_Amorosi_2021_activity,CP2C9_HUMAN_Amorosi_2021_activity,CP2C9_HUMAN_Amorosi_2021_activity,CP2C9_HUMAN_Amorosi_2021_activity,NA
CP2C9_HUMAN_Amorosi_2021_activity,CP2C9_HUMAN,Homo sapiens,Human,Binding,"Activity, binding",490,6142,6142,165.48,High,True,CP2C9_HUMAN_Amorosi_2021_activity,CP2C9_HUMAN_Amorosi_2021_activity,CP2C9_HUMAN_Amorosi_2021_activity,CP2C9_HUMAN_Amorosi_2021_activity,NA
CSN4_MOUSE_Tsuboyama_2023_1UFM,CSN4_MOUSE,Mus musculus,Eukaryote,Stability,cDNA display proteolysis,72,1353,3295,48.23,Medium,True,CSN4_MOUSE_Tsuboyama_2023_1UFM,CSN4_MOUSE_Tsuboyama_2023_1UFM,CSN4_MOUSE_Tsuboyama_2023_1UFM,CSN4_MOUSE_Tsuboyama_2023_1UFM,NA
CUE1_YEAST_Tsuboyama_2023_2MYX,CUE1_YEAST,Saccharomyces cerevisiae,Eukaryote,Stability,cDNA display proteolysis,52,955,1580,7.64,Medium,True,CUE1_YEAST_Tsuboyama_2023_2MYX,CUE1_YEAST_Tsuboyama_2023_2MYX,CUE1_YEAST_Tsuboyama_2023_2MYX,CUE1_YEAST_Tsuboyama_2023_2MYX,NA
D7PM05_CLYGR_Somermeyer_2022,D7PM05_CLYGR,Clytia gregaria,Eukaryote,Activity,FACS,235,1169,24515,0.6,Low,True,D7PM05_CLYGR_Somermeyer_2022,D7PM05_CLYGR_Somermeyer_2022,D7PM05_CLYGR_Somermeyer_2022,D7PM05_CLYGR_Somermeyer_2022,NA
DLG4_HUMAN_Faure_2021,DLG4_HUMAN,Homo sapiens,Human,OrganismalFitness,Growth,724,1280,6976,0.46,Low,True,DLG4_RAT_McLaughlin_2012,DLG4_RAT_McLaughlin_2012,DLG4_RAT_McLaughlin_2012,DLG4_RAT_McLaughlin_2012,NA
DLG4_RAT_McLaughlin_2012,DLG4_RAT,Rattus norvegicus,Eukaryote,Binding,Binding,724,1576,1576,0.36,Low,True,DLG4_RAT_McLaughlin_2012,DLG4_RAT_McLaughlin_2012,DLG4_RAT_McLaughlin_2012,DLG4_RAT_McLaughlin_2012,NA
DN7A_SACS2_Tsuboyama_2023_1JIC,DN7A_SACS2,Saccharolobus solfataricus,Prokaryote,Stability,cDNA display proteolysis,55,1008,1008,24.82,Medium,True,DN7A_SACS2_Tsuboyama_2023_1JIC,DN7A_SACS2_Tsuboyama_2023_1JIC,DN7A_SACS2_Tsuboyama_2023_1JIC,DN7A_SACS2_Tsuboyama_2023_1JIC,NA
DNJA1_HUMAN_Tsuboyama_2023_2LO1,DNJA1_HUMAN,Homo sapiens,Human,Stability,cDNA display proteolysis,65,1216,2264,547.68,High,True,DNJA1_HUMAN_Tsuboyama_2023_2LO1,DNJA1_HUMAN_Tsuboyama_2023_2LO1,DNJA1_HUMAN_Tsuboyama_2023_2LO1,DNJA1_HUMAN_Tsuboyama_2023_2LO1,NA
DOCK1_MOUSE_Tsuboyama_2023_2M0Y,DOCK1_MOUSE,Mus musculus,Eukaryote,Stability,cDNA display proteolysis,66,1213,2915,368.28,High,True,DOCK1_MOUSE_Tsuboyama_2023_2M0Y,DOCK1_MOUSE_Tsuboyama_2023_2M0Y,DOCK1_MOUSE_Tsuboyama_2023_2M0Y,DOCK1_MOUSE_Tsuboyama_2023_2M0Y,NA
DYR_ECOLI_Nguyen_2023,DYR_ECOLI,Escherichia coli,Prokaryote,OrganismalFitness,Growth,159,2916,2916,337.1,High,True,DYR_ECOLI_Thompson_2019,DYR_ECOLI_Thompson_2019,DYR_ECOLI_Thompson_2019,DYR_ECOLI_Thompson_2019,NA
DYR_ECOLI_Thompson_2019,DYR_ECOLI,Escherichia coli,Prokaryote,OrganismalFitness,Growth,159,2363,2363,77.51,Medium,True,DYR_ECOLI_Thompson_2019,DYR_ECOLI_Thompson_2019,DYR_ECOLI_Thompson_2019,DYR_ECOLI_Thompson_2019,NA
ENV_HV1B9_DuenasDecamp_2016,ENV_HV1B9,Human immunodeficiency virus type 1 group M subtype B (strain 89.6) (HIV-1),Virus,OrganismalFitness,Growth,853,375,375,47.92,Medium,True,ENV_HV1B9_DuenasDecamp_2016,A0A192B1T2_9HIV1_Haddox_2018,A0A192B1T2_9HIV1_Haddox_2018,A0A192B1T2_9HIV1_Haddox_2018,NA
ENV_HV1BR_Haddox_2016,ENV_HV1BR,Human immunodeficiency virus type 1 group M subtype B (isolate BRU/LAI) (HIV-1),Virus,OrganismalFitness,Growth,861,12863,12863,43.39,Medium,True,ENV_HV1BR_Haddox_2016,A0A192B1T2_9HIV1_Haddox_2018,A0A192B1T2_9HIV1_Haddox_2018,A0A192B1T2_9HIV1_Haddox_2018,NA
ENVZ_ECOLI_Ghose_2023,ENVZ_ECOLI,Escherichia coli,Prokaryote,Activity,FACS,60,1121,1121,4595.33,High,True,ENVZ_ECOLI_Ghose_2023,ENVZ_ECOLI_Ghose_2023,ENVZ_ECOLI_Ghose_2023,ENVZ_ECOLI_Ghose_2023,NA
EPHB2_HUMAN_Tsuboyama_2023_1F0M,EPHB2_HUMAN,Homo sapiens,Human,Stability,cDNA display proteolysis,66,1239,1960,126.33,High,True,EPHB2_HUMAN_Tsuboyama_2023_1F0M,EPHB2_HUMAN_Tsuboyama_2023_1F0M,EPHB2_HUMAN_Tsuboyama_2023_1F0M,EPHB2_HUMAN_Tsuboyama_2023_1F0M,NA
ERBB2_HUMAN_Elazar_2016,ERBB2_HUMAN,Homo sapiens,Human,Expression,TOXCAT-Beta-lactamase (TbL) screen,1255,326,326,0.32,Low,True,ERBB2_HUMAN_Elazar_2016,ERBB2_HUMAN_Elazar_2016,ERBB2_HUMAN_Elazar_2016,ERBB2_HUMAN_Elazar_2016,NA
ESTA_BACSU_Nutschel_2020,ESTA_BACSU,Bacillus subtilis,Prokaryote,Stability,thermostability,212,2172,2172,313.28,High,True,ESTA_BACSU_Nutschel_2020,ESTA_BACSU_Nutschel_2020,ESTA_BACSU_Nutschel_2020,ESTA_BACSU_Nutschel_2020,NA
F7YBW8_MESOW_Ding_2023,F7YBW8_MESOW,Mesorhizobium opportunistum,Prokaryote,OrganismalFitness,,93,80,7922,176.23,High,True,F7YBW8_MESOW_Aakre_2015,F7YBW8_MESOW_Aakre_2015,F7YBW8_MESOW_Aakre_2015,F7YBW8_MESOW_Aakre_2015,NA
F7YBW8_MESOW_Aakre_2015,F7YBW8_MESOW,Mesorhizobium opportunistum,Prokaryote,OrganismalFitness,Growth (antitoxin neutralization of ParE3),93,37,9192,176.23,High,True,F7YBW8_MESOW_Aakre_2015,F7YBW8_MESOW_Aakre_2015,F7YBW8_MESOW_Aakre_2015,F7YBW8_MESOW_Aakre_2015,NA
FECA_ECOLI_Tsuboyama_2023_2D1U,FECA_ECOLI,Escherichia coli,Prokaryote,Stability,cDNA display proteolysis,72,1219,1886,141.6,High,True,FECA_ECOLI_Tsuboyama_2023_2D1U,FECA_ECOLI_Tsuboyama_2023_2D1U,FECA_ECOLI_Tsuboyama_2023_2D1U,FECA_ECOLI_Tsuboyama_2023_2D1U,NA
FKBP3_HUMAN_Tsuboyama_2023_2KFV,FKBP3_HUMAN,Homo sapiens,Human,Stability,cDNA display proteolysis,69,1237,1237,1.85,Medium,True,FKBP3_HUMAN_Tsuboyama_2023_2KFV,FKBP3_HUMAN_Tsuboyama_2023_2KFV,FKBP3_HUMAN_Tsuboyama_2023_2KFV,FKBP3_HUMAN_Tsuboyama_2023_2KFV,NA
GAL4_YEAST_Kitzman_2015,GAL4_YEAST,Saccharomyces cerevisiae,Eukaryote,OrganismalFitness,Growth,881,1195,1195,10.02,Medium,True,GAL4_YEAST_Kitzman_2015,GAL4_YEAST_Kitzman_2015,GAL4_YEAST_Kitzman_2015,GAL4_YEAST_Kitzman_2015,NA
GCN4_YEAST_Staller_2018,GCN4_YEAST,Saccharomyces cerevisiae,Eukaryote,Binding,FACS,281,33,2638,0.66,Low,True,GCN4_YEAST_Staller_2018,GCN4_YEAST_Staller_2018,GCN4_YEAST_Staller_2018,GCN4_YEAST_Staller_2018,NA
GDIA_HUMAN_Silverstein_2021,GDIA_HUMAN,Homo sapiens,Human,OrganismalFitness,Growth,447,1154,1154,0.8,Low,True,GDIA_HUMAN_Silverstein_2021,GDIA_HUMAN_Silverstein_2021,GDIA_HUMAN_Silverstein_2021,GDIA_HUMAN_Silverstein_2021,NA
GFP_AEQVI_Sarkisyan_2016,GFP_AEQVI,Aequorea victoria,Eukaryote,Activity,FACS,238,1084,51714,0.06,Low,True,GFP_AEQVI_Sarkisyan_2016,Q8WTC7_9CNID_Somermeyer_2022,Q8WTC7_9CNID_Somermeyer_2022,D7PM05_CLYGR_Somermeyer_2022,NA
GLPA_HUMAN_Elazar_2016,GLPA_HUMAN,Homo sapiens,Human,Expression,TOXCAT-Beta-lactamase (TbL) screen,150,245,245,0.51,Low,True,GLPA_HUMAN_Elazar_2016,GLPA_HUMAN_Elazar_2016,GLPA_HUMAN_Elazar_2016,GLPA_HUMAN_Elazar_2016,NA
GRB2_HUMAN_Faure_2021,GRB2_HUMAN,Homo sapiens,Human,OrganismalFitness,Growth,217,1034,63366,6.78,Medium,True,GRB2_HUMAN_Faure_2021,GRB2_HUMAN_Faure_2021,GRB2_HUMAN_Faure_2021,GRB2_HUMAN_Faure_2021,NA
HCP_LAMBD_Tsuboyama_2023_2L6Q,HCP_LAMBD,Escherichia phage lambda (Bacteriophage lambda),Virus,Stability,cDNA display proteolysis,55,1040,1040,30.76,Medium,True,HCP_LAMBD_Tsuboyama_2023_2L6Q,HCP_LAMBD_Tsuboyama_2023_2L6Q,HCP_LAMBD_Tsuboyama_2023_2L6Q,HCP_LAMBD_Tsuboyama_2023_2L6Q,NA
HECD1_HUMAN_Tsuboyama_2023_3DKM,HECD1_HUMAN,Homo sapiens,Human,Stability,cDNA display proteolysis,72,1244,5586,17.22,Medium,True,HECD1_HUMAN_Tsuboyama_2023_3DKM,HECD1_HUMAN_Tsuboyama_2023_3DKM,HECD1_HUMAN_Tsuboyama_2023_3DKM,HECD1_HUMAN_Tsuboyama_2023_3DKM,NA
HEM3_HUMAN_Loggerenberg_2023,HEM3_HUMAN,Homo sapiens,Human,Activity,Yeast complementation,361,5689,5689,32.84,Medium,True,HEM3_HUMAN_Loggerenberg_2023,HEM3_HUMAN_Loggerenberg_2023,HEM3_HUMAN_Loggerenberg_2023,HEM3_HUMAN_Loggerenberg_2023,NA
HIS7_YEAST_Pokusaeva_2019,HIS7_YEAST,Saccharomyces cerevisiae,Eukaryote,OrganismalFitness,Growth,220,168,496137,23.97,Medium,True,HIS7_YEAST_Pokusaeva_2019,HIS7_YEAST_Pokusaeva_2019,HIS7_YEAST_Pokusaeva_2019,HIS7_YEAST_Pokusaeva_2019,NA
HMDH_HUMAN_Jiang_2019,HMDH_HUMAN,Homo sapiens,Human,OrganismalFitness,Resistance to statin inhibition,888,16853,16853,0.58,Low,True,HMDH_HUMAN_Jiang_2019,HMDH_HUMAN_Jiang_2019,HMDH_HUMAN_Jiang_2019,HMDH_HUMAN_Jiang_2019,NA
HSP82_YEAST_Cote-Hammarlof_2020_growth-H2O2,HSP82_YEAST,Saccharomyces cerevisiae,Eukaryote,OrganismalFitness,,709,2252,2252,6.47,Medium,True,HSP82_YEAST_Cote-Hammarlof_2020_growth-H2O2,HSP82_YEAST_Cote-Hammarlof_2020_growth-H2O2,HSP82_YEAST_Cote-Hammarlof_2020_growth-H2O2,HSP82_YEAST_Cote-Hammarlof_2020_growth-H2O2,NA
HSP82_YEAST_Flynn_2019,HSP82_YEAST,Saccharomyces cerevisiae,Eukaryote,OrganismalFitness,,709,13294,13294,5.45,Medium,True,HSP82_YEAST_Cote-Hammarlof_2020_growth-H2O2,HSP82_YEAST_Cote-Hammarlof_2020_growth-H2O2,HSP82_YEAST_Cote-Hammarlof_2020_growth-H2O2,HSP82_YEAST_Cote-Hammarlof_2020_growth-H2O2,NA
HSP82_YEAST_Mishra_2016,HSP82_YEAST,Saccharomyces cerevisiae,Eukaryote,OrganismalFitness,Growth,709,4323,4323,5.45,Medium,True,HSP82_YEAST_Cote-Hammarlof_2020_growth-H2O2,HSP82_YEAST_Cote-Hammarlof_2020_growth-H2O2,HSP82_YEAST_Cote-Hammarlof_2020_growth-H2O2,HSP82_YEAST_Cote-Hammarlof_2020_growth-H2O2,NA
HXK4_HUMAN_Gersing_2022_activity,HXK4_HUMAN,Homo sapiens,Human,OrganismalFitness,enzymatic activity,465,8570,8570,4.99,Medium,True,HXK4_HUMAN_Gersing_2023_abundance,HXK4_HUMAN_Gersing_2023_abundance,HXK4_HUMAN_Gersing_2023_abundance,HXK4_HUMAN_Gersing_2023_abundance,NA
HXK4_HUMAN_Gersing_2023_abundance,HXK4_HUMAN,Homo sapiens,Human,Expression,Growth,465,8396,8396,5.38,Medium,True,HXK4_HUMAN_Gersing_2023_abundance,HXK4_HUMAN_Gersing_2023_abundance,HXK4_HUMAN_Gersing_2023_abundance,HXK4_HUMAN_Gersing_2023_abundance,NA
I6TAH8_I68A0_Doud_2015,I6TAH8_I68A0,Influenza A virus (strain A/Aichi/2/1968 H3N2),Virus,OrganismalFitness,Growth,498,9462,9462,2.15,Medium,True,NCAP_I34A1_Doud_2015,NCAP_I34A1_Doud_2015,NCAP_I34A1_Doud_2015,NCAP_I34A1_Doud_2015,NA
IF1_ECOLI_Kelsic_2016,IF1_ECOLI,Escherichia coli,Prokaryote,OrganismalFitness,Growth,72,1367,1367,536.24,High,True,IF1_ECOLI_Kelsic_2016,IF1_ECOLI_Kelsic_2016,IF1_ECOLI_Kelsic_2016,IF1_ECOLI_Kelsic_2016,NA
ILF3_HUMAN_Tsuboyama_2023_2L33,ILF3_HUMAN,Homo sapiens,Human,Stability,cDNA display proteolysis,71,1329,1329,309.51,High,True,ILF3_HUMAN_Tsuboyama_2023_2L33,ILF3_HUMAN_Tsuboyama_2023_2L33,ILF3_HUMAN_Tsuboyama_2023_2L33,ILF3_HUMAN_Tsuboyama_2023_2L33,NA
ISDH_STAAW_Tsuboyama_2023_2LHR,ISDH_STAAW,Staphylococcus aureus,Prokaryote,Stability,cDNA display proteolysis,55,940,1944,713.67,High,True,ISDH_STAAW_Tsuboyama_2023_2LHR,ISDH_STAAW_Tsuboyama_2023_2LHR,ISDH_STAAW_Tsuboyama_2023_2LHR,ISDH_STAAW_Tsuboyama_2023_2LHR,NA
KCNE1_HUMAN_Muhammad_2023_expression,KCNE1_HUMAN,Homo sapiens,Human,Expression,FACS,129,2339,2339,1.74,Medium,True,KCNE1_HUMAN_Muhammad_2023_function,KCNE1_HUMAN_Muhammad_2023_function,KCNE1_HUMAN_Muhammad_2023_function,KCNE1_HUMAN_Muhammad_2023_function,NA
KCNE1_HUMAN_Muhammad_2023_function,KCNE1_HUMAN,Homo sapiens,Human,Activity,Growth,129,2315,2315,1.74,Medium,True,KCNE1_HUMAN_Muhammad_2023_function,KCNE1_HUMAN_Muhammad_2023_function,KCNE1_HUMAN_Muhammad_2023_function,KCNE1_HUMAN_Muhammad_2023_function,NA
KCNH2_HUMAN_Kozek_2020,KCNH2_HUMAN,Homo sapiens,Human,Activity,Voltage,1159,200,200,6.29,Medium,True,KCNH2_HUMAN_Kozek_2020,KCNH2_HUMAN_Kozek_2020,KCNH2_HUMAN_Kozek_2020,KCNH2_HUMAN_Kozek_2020,NA
KCNJ2_MOUSE_Coyote-Maestas_2022_function,KCNJ2_MOUSE,Mus musculus,Eukaryote,Activity,FACS,428,6963,6963,5.28,Medium,True,KCNJ2_MOUSE_Coyote-Maestas_2022_surface,KCNJ2_MOUSE_Coyote-Maestas_2022_surface,KCNJ2_MOUSE_Coyote-Maestas_2022_surface,KCNJ2_MOUSE_Coyote-Maestas_2022_surface,NA
KCNJ2_MOUSE_Coyote-Maestas_2022_surface,KCNJ2_MOUSE,Mus musculus,Eukaryote,Expression,FACS,428,6917,6917,5.28,Medium,True,KCNJ2_MOUSE_Coyote-Maestas_2022_surface,KCNJ2_MOUSE_Coyote-Maestas_2022_surface,KCNJ2_MOUSE_Coyote-Maestas_2022_surface,KCNJ2_MOUSE_Coyote-Maestas_2022_surface,NA
KKA2_KLEPN_Melnikov_2014,KKA2_KLEPN,Klebsiella pneumoniae,Prokaryote,OrganismalFitness,Growth,264,4960,4960,298.65,High,True,KKA2_KLEPN_Melnikov_2014,KKA2_KLEPN_Melnikov_2014,KKA2_KLEPN_Melnikov_2014,KKA2_KLEPN_Melnikov_2014,NA
LGK_LIPST_Klesmith_2015,LGK_LIPST,Lipomyces starkeyi,Eukaryote,Activity,Growth,439,7890,7890,18.83,Medium,True,LGK_LIPST_Klesmith_2015,LGK_LIPST_Klesmith_2015,LGK_LIPST_Klesmith_2015,LGK_LIPST_Klesmith_2015,NA
LYAM1_HUMAN_Elazar_2016,LYAM1_HUMAN,Homo sapiens,Human,Expression,TOXCAT-Beta-lactamase (TbL) screen,372,359,359,1.09,Medium,True,LYAM1_HUMAN_Elazar_2016,LYAM1_HUMAN_Elazar_2016,LYAM1_HUMAN_Elazar_2016,LYAM1_HUMAN_Elazar_2016,NA
MAFG_MOUSE_Tsuboyama_2023_1K1V,MAFG_MOUSE,Mus musculus,Eukaryote,Stability,cDNA display proteolysis,41,762,1429,3.89,Medium,True,MAFG_MOUSE_Tsuboyama_2023_1K1V,MAFG_MOUSE_Tsuboyama_2023_1K1V,MAFG_MOUSE_Tsuboyama_2023_1K1V,MAFG_MOUSE_Tsuboyama_2023_1K1V,NA
MBD11_ARATH_Tsuboyama_2023_6ACV,MBD11_ARATH,Arabidopsis thaliana,Eukaryote,Stability,cDNA display proteolysis,66,1155,2116,24.91,Medium,True,MBD11_ARATH_Tsuboyama_2023_6ACV,MBD11_ARATH_Tsuboyama_2023_6ACV,MBD11_ARATH_Tsuboyama_2023_6ACV,MBD11_ARATH_Tsuboyama_2023_6ACV,NA
MET_HUMAN_Estevam_2023,MET_HUMAN,Homo sapiens,Human,Activity,Growth,287,5393,5393,17.78,Medium,True,MET_HUMAN_Estevam_2023,MET_HUMAN_Estevam_2023,MET_HUMAN_Estevam_2023,MET_HUMAN_Estevam_2023,NA
MK01_HUMAN_Brenan_2016,MK01_HUMAN,Homo sapiens,Human,OrganismalFitness,inhibitor resistance,360,6809,6809,25.98,Medium,True,MK01_HUMAN_Brenan_2016,MK01_HUMAN_Brenan_2016,MK01_HUMAN_Brenan_2016,MK01_HUMAN_Brenan_2016,NA
MLAC_ECOLI_MacRae_2023,MLAC_ECOLI,Escherichia coli,Prokaryote,OrganismalFitness,Growth,211,4007,4007,37.67,Medium,True,MLAC_ECOLI_MacRae_2023,MLAC_ECOLI_MacRae_2023,MLAC_ECOLI_MacRae_2023,MLAC_ECOLI_MacRae_2023,NA
MSH2_HUMAN_Jia_2020,MSH2_HUMAN,Homo sapiens,Human,OrganismalFitness,,934,16749,16749,11.71,Medium,True,MSH2_HUMAN_Jia_2020,MSH2_HUMAN_Jia_2020,MSH2_HUMAN_Jia_2020,MSH2_HUMAN_Jia_2020,NA
MTH3_HAEAE_RockahShmuel_2015,MTH3_HAEAE,Haemophilus aegyptius,Prokaryote,OrganismalFitness,Activity,330,1777,1777,82.51,Medium,True,MTH3_HAEAE_RockahShmuel_2015,MTH3_HAEAE_RockahShmuel_2015,MTH3_HAEAE_RockahShmuel_2015,MTH3_HAEAE_RockahShmuel_2015,NA
MTHR_HUMAN_Weile_2021,MTHR_HUMAN,Homo sapiens,Human,OrganismalFitness,,656,12464,12464,0.99,Low,True,MTHR_HUMAN_Weile_2021,MTHR_HUMAN_Weile_2021,MTHR_HUMAN_Weile_2021,MTHR_HUMAN_Weile_2021,NA
MYO3_YEAST_Tsuboyama_2023_2BTT,MYO3_YEAST,Saccharomyces cerevisiae,Eukaryote,Stability,cDNA display proteolysis,61,947,3297,208.4,High,True,MYO3_YEAST_Tsuboyama_2023_2BTT,MYO3_YEAST_Tsuboyama_2023_2BTT,MYO3_YEAST_Tsuboyama_2023_2BTT,MYO3_YEAST_Tsuboyama_2023_2BTT,NA
NCAP_I34A1_Doud_2015,NCAP_I34A1,Influenza A virus (strain A/Puerto Rico/8/1934 H1N1),Virus,OrganismalFitness,Growth,498,9462,9462,2.15,Medium,True,NCAP_I34A1_Doud_2015,NCAP_I34A1_Doud_2015,NCAP_I34A1_Doud_2015,NCAP_I34A1_Doud_2015,NA
NKX31_HUMAN_Tsuboyama_2023_2L9R,NKX31_HUMAN,Homo sapiens,Human,Stability,cDNA display proteolysis,61,1149,2482,147.96,High,True,NKX31_HUMAN_Tsuboyama_2023_2L9R,NKX31_HUMAN_Tsuboyama_2023_2L9R,NKX31_HUMAN_Tsuboyama_2023_2L9R,PITX2_HUMAN_Tsuboyama_2023_2L7M,NA
NPC1_HUMAN_Erwood_2022_HEK293T,NPC1_HUMAN,Homo sapiens,Human,Activity,Flow Cytometry Assay,1278,637,637,0.67,Low,True,NPC1_HUMAN_Erwood_2022_RPE1,NPC1_HUMAN_Erwood_2022_RPE1,NPC1_HUMAN_Erwood_2022_RPE1,NPC1_HUMAN_Erwood_2022_RPE1,NA
NPC1_HUMAN_Erwood_2022_RPE1,NPC1_HUMAN,Homo sapiens,Human,Activity,Flow Cytometry Assay,1278,63,63,0.67,Low,True,NPC1_HUMAN_Erwood_2022_RPE1,NPC1_HUMAN_Erwood_2022_RPE1,NPC1_HUMAN_Erwood_2022_RPE1,NPC1_HUMAN_Erwood_2022_RPE1,NA
NRAM_I33A0_Jiang_2016,NRAM_I33A0,Influenza A virus (strain A/Wilson-Smith/1933 H1N1),Virus,OrganismalFitness,Growth,453,298,298,15.93,Medium,True,NRAM_I33A0_Jiang_2016,NRAM_I33A0_Jiang_2016,NRAM_I33A0_Jiang_2016,NRAM_I33A0_Jiang_2016,NA
NUD15_HUMAN_Suiter_2020,NUD15_HUMAN,Homo sapiens,Human,Expression,"VAMP-seq, drug sensitivity",164,2844,2844,281.51,High,True,NUD15_HUMAN_Suiter_2020,NUD15_HUMAN_Suiter_2020,NUD15_HUMAN_Suiter_2020,NUD15_HUMAN_Suiter_2020,NA
NUSA_ECOLI_Tsuboyama_2023_1WCL,NUSA_ECOLI,Escherichia coli,Prokaryote,Stability,cDNA display proteolysis,69,1306,2028,598.86,High,True,NUSA_ECOLI_Tsuboyama_2023_1WCL,NUSA_ECOLI_Tsuboyama_2023_1WCL,NUSA_ECOLI_Tsuboyama_2023_1WCL,NUSA_ECOLI_Tsuboyama_2023_1WCL,NA
NUSG_MYCTU_Tsuboyama_2023_2MI6,NUSG_MYCTU,Mycobacterium tuberculosis,Prokaryote,Stability,cDNA display proteolysis,55,1019,1380,320.33,High,True,NUSG_MYCTU_Tsuboyama_2023_2MI6,NUSG_MYCTU_Tsuboyama_2023_2MI6,NUSG_MYCTU_Tsuboyama_2023_2MI6,NUSG_MYCTU_Tsuboyama_2023_2MI6,NA
OBSCN_HUMAN_Tsuboyama_2023_1V1C,OBSCN_HUMAN,Homo sapiens,Human,Stability,cDNA display proteolysis,65,1213,3197,378.54,High,True,OBSCN_HUMAN_Tsuboyama_2023_1V1C,OBSCN_HUMAN_Tsuboyama_2023_1V1C,OBSCN_HUMAN_Tsuboyama_2023_1V1C,OBSCN_HUMAN_Tsuboyama_2023_1V1C,NA
ODP2_GEOSE_Tsuboyama_2023_1W4G,ODP2_GEOSE,Geobacillus stearothermophilus,Prokaryote,Stability,cDNA display proteolysis,44,669,1134,397.86,High,True,ODP2_GEOSE_Tsuboyama_2023_1W4G,ODP2_GEOSE_Tsuboyama_2023_1W4G,ODP2_GEOSE_Tsuboyama_2023_1W4G,ODP2_GEOSE_Tsuboyama_2023_1W4G,NA
OPSD_HUMAN_Wan_2019,OPSD_HUMAN,Homo sapiens,Human,Expression,Flow Cytometry Assay,348,165,165,107.19,High,True,OPSD_HUMAN_Wan_2019,OPSD_HUMAN_Wan_2019,OPSD_HUMAN_Wan_2019,OPSD_HUMAN_Wan_2019,NA
OTC_HUMAN_Lo_2023,OTC_HUMAN,Homo sapiens,Human,Activity,,354,1570,1570,53.97,Medium,True,OTC_HUMAN_Lo_2023,OTC_HUMAN_Lo_2023,OTC_HUMAN_Lo_2023,OTC_HUMAN_Lo_2023,NA
OTU7A_HUMAN_Tsuboyama_2023_2L2D,OTU7A_HUMAN,Homo sapiens,Human,Stability,cDNA display proteolysis,42,635,635,12395.25,High,True,OTU7A_HUMAN_Tsuboyama_2023_2L2D,OTU7A_HUMAN_Tsuboyama_2023_2L2D,OTU7A_HUMAN_Tsuboyama_2023_2L2D,OTU7A_HUMAN_Tsuboyama_2023_2L2D,NA
OXDA_RHOTO_Vanella_2023_activity,OXDA_RHOTO,Rhodotorula gracilis,Eukaryote,Activity,FACS,364,6396,6396,271.28,High,True,OXDA_RHOTO_Vanella_2023_expression,OXDA_RHOTO_Vanella_2023_expression,OXDA_RHOTO_Vanella_2023_expression,OXDA_RHOTO_Vanella_2023_expression,NA
OXDA_RHOTO_Vanella_2023_expression,OXDA_RHOTO,Rhodotorula gracilis,Eukaryote,Expression,FACS,364,6769,6769,271.28,High,True,OXDA_RHOTO_Vanella_2023_expression,OXDA_RHOTO_Vanella_2023_expression,OXDA_RHOTO_Vanella_2023_expression,OXDA_RHOTO_Vanella_2023_expression,NA
P53_HUMAN_Giacomelli_2018_Null_Etoposide,P53_HUMAN,Homo sapiens,Human,OrganismalFitness,Growth,393,7467,7467,0.39,Low,True,P53_HUMAN_Giacomelli_2018_Null_Etoposide,P53_HUMAN_Giacomelli_2018_Null_Etoposide,P53_HUMAN_Giacomelli_2018_Null_Etoposide,P53_HUMAN_Giacomelli_2018_Null_Etoposide,NA
P53_HUMAN_Giacomelli_2018_Null_Nutlin,P53_HUMAN,Homo sapiens,Human,OrganismalFitness,Growth,393,7467,7467,0.39,Low,True,P53_HUMAN_Giacomelli_2018_Null_Etoposide,P53_HUMAN_Giacomelli_2018_Null_Etoposide,P53_HUMAN_Giacomelli_2018_Null_Etoposide,P53_HUMAN_Giacomelli_2018_Null_Etoposide,NA
P53_HUMAN_Giacomelli_2018_WT_Nutlin,P53_HUMAN,Homo sapiens,Human,OrganismalFitness,Growth,393,7467,7467,0.39,Low,True,P53_HUMAN_Giacomelli_2018_Null_Etoposide,P53_HUMAN_Giacomelli_2018_Null_Etoposide,P53_HUMAN_Giacomelli_2018_Null_Etoposide,P53_HUMAN_Giacomelli_2018_Null_Etoposide,NA
P53_HUMAN_Kotler_2018,P53_HUMAN,Homo sapiens,Human,OrganismalFitness,Growth,393,1048,1048,0.37,Low,True,P53_HUMAN_Giacomelli_2018_Null_Etoposide,P53_HUMAN_Giacomelli_2018_Null_Etoposide,P53_HUMAN_Giacomelli_2018_Null_Etoposide,P53_HUMAN_Giacomelli_2018_Null_Etoposide,NA
P84126_THETH_Chan_2017,P84126_THETH,Thermus thermophilus,Prokaryote,OrganismalFitness,Growth,254,1519,1519,41.7,Medium,True,P84126_THETH_Chan_2017,P84126_THETH_Chan_2017,P84126_THETH_Chan_2017,TRPC_SACS2_Chan_2017,NA
PA_I34A1_Wu_2015,PA_I34A1,Influenza A virus (strain A/Puerto Rico/8/1934 H1N1),Virus,OrganismalFitness,Growth,716,1820,1820,1.75,Medium,True,PA_I34A1_Wu_2015,PA_I34A1_Wu_2015,PA_I34A1_Wu_2015,PA_I34A1_Wu_2015,NA
PABP_YEAST_Melamed_2013,PABP_YEAST,Saccharomyces cerevisiae,Eukaryote,OrganismalFitness,Growth,577,1187,37708,1.42,Medium,True,PABP_YEAST_Melamed_2013,PABP_YEAST_Melamed_2013,PABP_YEAST_Melamed_2013,PABP_YEAST_Melamed_2013,NA
PAI1_HUMAN_Huttinger_2021,PAI1_HUMAN,Homo sapiens,Human,Activity,phage fitness,402,5345,5345,30.34,Medium,True,PAI1_HUMAN_Huttinger_2021,PAI1_HUMAN_Huttinger_2021,PAI1_HUMAN_Huttinger_2021,PAI1_HUMAN_Huttinger_2021,NA
PHOT_CHLRE_Chen_2023,PHOT_CHLRE,Chlamydomonas reinhardtii,Eukaryote,Activity,FACS,118,2122,167529,5215.65,High,True,PHOT_CHLRE_Chen_2023,PHOT_CHLRE_Chen_2023,PHOT_CHLRE_Chen_2023,PHOT_CHLRE_Chen_2023,NA
PIN1_HUMAN_Tsuboyama_2023_1I6C,PIN1_HUMAN,Homo sapiens,Human,Stability,cDNA display proteolysis,39,686,802,287.66,High,True,PIN1_HUMAN_Tsuboyama_2023_1I6C,PIN1_HUMAN_Tsuboyama_2023_1I6C,PIN1_HUMAN_Tsuboyama_2023_1I6C,PIN1_HUMAN_Tsuboyama_2023_1I6C,NA
PITX2_HUMAN_Tsuboyama_2023_2L7M,PITX2_HUMAN,Homo sapiens,Human,Stability,cDNA display proteolysis,52,938,1824,191.76,High,True,PITX2_HUMAN_Tsuboyama_2023_2L7M,PITX2_HUMAN_Tsuboyama_2023_2L7M,PITX2_HUMAN_Tsuboyama_2023_2L7M,PITX2_HUMAN_Tsuboyama_2023_2L7M,NA
PKN1_HUMAN_Tsuboyama_2023_1URF,PKN1_HUMAN,Homo sapiens,Human,Stability,cDNA display proteolysis,71,1301,1301,772.42,High,True,PKN1_HUMAN_Tsuboyama_2023_1URF,PKN1_HUMAN_Tsuboyama_2023_1URF,PKN1_HUMAN_Tsuboyama_2023_1URF,PKN1_HUMAN_Tsuboyama_2023_1URF,NA
POLG_CXB3N_Mattenberger_2021,POLG_CXB3N,Coxsackievirus B3 (strain Nancy),Virus,OrganismalFitness,Growth,2185,15711,15711,1.79,Medium,True,POLG_CXB3N_Mattenberger_2021,POLG_CXB3N_Mattenberger_2021,POLG_CXB3N_Mattenberger_2021,POLG_CXB3N_Mattenberger_2021,NA
POLG_DEN26_Suphatrakul_2023,POLG_DEN26,Dengue virus type 2 (strain Thailand/16681/1984) (DENV-2),Virus,OrganismalFitness,Growth,900,16897,16897,0.55,Low,True,POLG_DEN26_Suphatrakul_2023,POLG_DEN26_Suphatrakul_2023,POLG_DEN26_Suphatrakul_2023,POLG_DEN26_Suphatrakul_2023,NA
POLG_HCVJF_Qi_2014,POLG_HCVJF,Hepatitis C virus genotype 2a (isolate JFH-1) (HCV),Virus,OrganismalFitness,Growth,3033,1630,1630,41.97,Medium,True,POLG_HCVJF_Qi_2014,POLG_HCVJF_Qi_2014,POLG_HCVJF_Qi_2014,POLG_HCVJF_Qi_2014,NA
POLG_PESV_Tsuboyama_2023_2MXD,POLG_PESV,Porcine enteric sapovirus (isolate Swine/United States/Cowden/1980),Virus,Stability,cDNA display proteolysis,53,995,5130,262.74,High,True,POLG_PESV_Tsuboyama_2023_2MXD,POLG_PESV_Tsuboyama_2023_2MXD,POLG_PESV_Tsuboyama_2023_2MXD,POLG_PESV_Tsuboyama_2023_2MXD,NA
PPARG_HUMAN_Majithia_2016,PPARG_HUMAN,Homo sapiens,Human,Activity,FACS,505,9576,9576,6.24,Medium,True,PPARG_HUMAN_Majithia_2016,PPARG_HUMAN_Majithia_2016,PPARG_HUMAN_Majithia_2016,PPARG_HUMAN_Majithia_2016,NA
PPM1D_HUMAN_Miller_2022,PPM1D_HUMAN,Homo sapiens,Human,OrganismalFitness,quantification and selection of GFP-positive cells by flow cytometry after DNA damage induced by daunorubicin,605,7889,7889,0.56,Low,True,PPM1D_HUMAN_Miller_2022,PPM1D_HUMAN_Miller_2022,PPM1D_HUMAN_Miller_2022,PPM1D_HUMAN_Miller_2022,NA
PR40A_HUMAN_Tsuboyama_2023_1UZC,PR40A_HUMAN,Homo sapiens,Human,Stability,cDNA display proteolysis,63,1163,2033,56.72,Medium,True,PR40A_HUMAN_Tsuboyama_2023_1UZC,PR40A_HUMAN_Tsuboyama_2023_1UZC,PR40A_HUMAN_Tsuboyama_2023_1UZC,PR40A_HUMAN_Tsuboyama_2023_1UZC,NA
PRKN_HUMAN_Clausen_2023,PRKN_HUMAN,Homo sapiens,Human,Expression,FACS,465,8756,8756,0.37,Low,True,PRKN_HUMAN_Clausen_2023,PRKN_HUMAN_Clausen_2023,PRKN_HUMAN_Clausen_2023,PRKN_HUMAN_Clausen_2023,NA
PSAE_PICP2_Tsuboyama_2023_1PSE,PSAE_PICP2,Picosynechococcus,Prokaryote,Stability,cDNA display proteolysis,68,1219,1579,1.85,Medium,True,PSAE_PICP2_Tsuboyama_2023_1PSE,PSAE_PICP2_Tsuboyama_2023_1PSE,PSAE_PICP2_Tsuboyama_2023_1PSE,PSAE_PICP2_Tsuboyama_2023_1PSE,NA
PTEN_HUMAN_Matreyek_2021,PTEN_HUMAN,Homo sapiens,Human,Expression,Protein stability,403,5083,5083,3.72,Medium,True,PTEN_HUMAN_Mighell_2018,PTEN_HUMAN_Mighell_2018,PTEN_HUMAN_Mighell_2018,PTEN_HUMAN_Mighell_2018,NA
PTEN_HUMAN_Mighell_2018,PTEN_HUMAN,Homo sapiens,Human,Activity,lipid phosphatase activity,403,7260,7260,3.72,Medium,True,PTEN_HUMAN_Mighell_2018,PTEN_HUMAN_Mighell_2018,PTEN_HUMAN_Mighell_2018,PTEN_HUMAN_Mighell_2018,NA
Q2N0S5_9HIV1_Haddox_2018,Q2N0S5_9HIV1,Human immunodeficiency virus 1,Virus,OrganismalFitness,Growth,860,12729,12729,42.86,Medium,True,Q2N0S5_9HIV1_Haddox_2018,A0A192B1T2_9HIV1_Haddox_2018,A0A192B1T2_9HIV1_Haddox_2018,A0A192B1T2_9HIV1_Haddox_2018,NA
Q53Z42_HUMAN_McShan_2019_binding-TAPBPR,Q53Z42_HUMAN,Homo sapiens,Human,Binding,,365,3344,3344,13.24,Medium,True,Q53Z42_HUMAN_McShan_2019_expression,Q53Z42_HUMAN_McShan_2019_expression,Q53Z42_HUMAN_McShan_2019_expression,Q53Z42_HUMAN_McShan_2019_expression,NA
Q53Z42_HUMAN_McShan_2019_expression,Q53Z42_HUMAN,Homo sapiens,Human,Expression,,365,3344,3344,13.24,Medium,True,Q53Z42_HUMAN_McShan_2019_expression,Q53Z42_HUMAN_McShan_2019_expression,Q53Z42_HUMAN_McShan_2019_expression,Q53Z42_HUMAN_McShan_2019_expression,NA
Q59976_STRSQ_Romero_2015,Q59976_STRSQ,Streptomyces sp,Prokaryote,Activity,Activity,501,2999,2999,27.97,Medium,True,Q59976_STRSQ_Romero_2015,Q59976_STRSQ_Romero_2015,Q59976_STRSQ_Romero_2015,Q59976_STRSQ_Romero_2015,NA
Q6WV12_9MAXI_Somermeyer_2022,Q6WV12_9MAXI,Pontellina plumata,Eukaryote,Activity,FACS,222,1141,31401,0.44,Low,True,Q6WV12_9MAXI_Somermeyer_2022,Q6WV12_9MAXI_Somermeyer_2022,Q6WV12_9MAXI_Somermeyer_2022,Q6WV12_9MAXI_Somermeyer_2022,NA
Q837P4_ENTFA_Meier_2023,Q837P4_ENTFA,Enterococcus faecalis,Prokaryote,Activity,Growth,589,697,697,90.8,Medium,True,Q837P4_ENTFA_Meier_2023,Q837P4_ENTFA_Meier_2023,Q837P4_ENTFA_Meier_2023,Q837P5_ENTFA_Meier_2023,NA
Q837P5_ENTFA_Meier_2023,Q837P5_ENTFA,Enterococcus faecalis,Prokaryote,Activity,Growth,571,747,747,95.02,Medium,True,Q837P5_ENTFA_Meier_2023,Q837P5_ENTFA_Meier_2023,Q837P5_ENTFA_Meier_2023,Q837P5_ENTFA_Meier_2023,NA
Q8WTC7_9CNID_Somermeyer_2022,Q8WTC7_9CNID,Aequorea macrodactyla,Eukaryote,Activity,FACS,238,1201,33510,0.51,Low,True,Q8WTC7_9CNID_Somermeyer_2022,Q8WTC7_9CNID_Somermeyer_2022,Q8WTC7_9CNID_Somermeyer_2022,D7PM05_CLYGR_Somermeyer_2022,NA
R1AB_SARS2_Flynn_2022,R1AB_SARS2,Severe acute respiratory syndrome coronavirus 2 (2019-nCoV) (SARS-CoV-2),Virus,OrganismalFitness,,306,5725,5725,1.14,Medium,True,R1AB_SARS2_Flynn_2022,R1AB_SARS2_Flynn_2022,R1AB_SARS2_Flynn_2022,R1AB_SARS2_Flynn_2022,NA
RAD_ANTMA_Tsuboyama_2023_2CJJ,RAD_ANTMA,Antirrhinum majus,Eukaryote,Stability,cDNA display proteolysis,54,774,912,777.81,High,True,RAD_ANTMA_Tsuboyama_2023_2CJJ,RAD_ANTMA_Tsuboyama_2023_2CJJ,RAD_ANTMA_Tsuboyama_2023_2CJJ,RAD_ANTMA_Tsuboyama_2023_2CJJ,NA
RAF1_HUMAN_Zinkus-Boltz_2019,RAF1_HUMAN,Homo sapiens,Human,OrganismalFitness,binding assays,648,297,297,0.59,Low,True,RAF1_HUMAN_Zinkus-Boltz_2019,RAF1_HUMAN_Zinkus-Boltz_2019,RAF1_HUMAN_Zinkus-Boltz_2019,RAF1_HUMAN_Zinkus-Boltz_2019,NA
RASH_HUMAN_Bandaru_2017,RASH_HUMAN,Homo sapiens,Human,Activity,activity,189,3134,3134,125.77,High,True,RASH_HUMAN_Bandaru_2017,RASK_HUMAN_Weng_2022_binding-DARPin_K55,RASK_HUMAN_Weng_2022_binding-DARPin_K55,RASK_HUMAN_Weng_2022_binding-DARPin_K55,NA
RASK_HUMAN_Weng_2022_abundance,RASK_HUMAN,Homo sapiens,Human,Expression,,188,3066,26012,146.37,High,True,RASK_HUMAN_Weng_2022_binding-DARPin_K55,RASK_HUMAN_Weng_2022_binding-DARPin_K55,RASK_HUMAN_Weng_2022_binding-DARPin_K55,RASK_HUMAN_Weng_2022_binding-DARPin_K55,NA
RASK_HUMAN_Weng_2022_binding-DARPin_K55,RASK_HUMAN,Homo sapiens,Human,Binding,,188,3084,24873,146.37,High,True,RASK_HUMAN_Weng_2022_binding-DARPin_K55,RASK_HUMAN_Weng_2022_binding-DARPin_K55,RASK_HUMAN_Weng_2022_binding-DARPin_K55,RASK_HUMAN_Weng_2022_binding-DARPin_K55,NA
RBP1_HUMAN_Tsuboyama_2023_2KWH,RBP1_HUMAN,Homo sapiens,Human,Stability,cDNA display proteolysis,52,975,1332,976.49,High,True,RBP1_HUMAN_Tsuboyama_2023_2KWH,RBP1_HUMAN_Tsuboyama_2023_2KWH,RBP1_HUMAN_Tsuboyama_2023_2KWH,RBP1_HUMAN_Tsuboyama_2023_2KWH,NA
RCD1_ARATH_Tsuboyama_2023_5OAO,RCD1_ARATH,Arabidopsis thaliana,Eukaryote,Stability,cDNA display proteolysis,57,988,1261,28.23,Medium,True,RCD1_ARATH_Tsuboyama_2023_5OAO,RCD1_ARATH_Tsuboyama_2023_5OAO,RCD1_ARATH_Tsuboyama_2023_5OAO,RCD1_ARATH_Tsuboyama_2023_5OAO,NA
RCRO_LAMBD_Tsuboyama_2023_1ORC,RCRO_LAMBD,Escherichia phage lambda (Bacteriophage lambda),Virus,Stability,cDNA display proteolysis,63,1195,2278,803.73,High,True,RCRO_LAMBD_Tsuboyama_2023_1ORC,RCRO_LAMBD_Tsuboyama_2023_1ORC,RCRO_LAMBD_Tsuboyama_2023_1ORC,RCRO_LAMBD_Tsuboyama_2023_1ORC,NA
RD23A_HUMAN_Tsuboyama_2023_1IFY,RD23A_HUMAN,Homo sapiens,Human,Stability,cDNA display proteolysis,44,798,1019,182.36,High,True,RD23A_HUMAN_Tsuboyama_2023_1IFY,RD23A_HUMAN_Tsuboyama_2023_1IFY,RD23A_HUMAN_Tsuboyama_2023_1IFY,RD23A_HUMAN_Tsuboyama_2023_1IFY,NA
RDRP_I33A0_Li_2023,RDRP_I33A0,Influenza A virus (strain A/Wilson-Smith/1933 H1N1),Virus,OrganismalFitness,Growth,757,12003,12003,1.52,Medium,True,RDRP_I33A0_Li_2023,RDRP_I33A0_Li_2023,RDRP_I33A0_Li_2023,RDRP_I33A0_Li_2023,NA
REV_HV1H2_Fernandes_2016,REV_HV1H2,Human immunodeficiency virus type 1 group M subtype B (isolate HXB2) (HIV-1),Virus,OrganismalFitness,Growth,116,2147,2147,104.82,High,True,REV_HV1H2_Fernandes_2016,REV_HV1H2_Fernandes_2016,REV_HV1H2_Fernandes_2016,REV_HV1H2_Fernandes_2016,NA
RFAH_ECOLI_Tsuboyama_2023_2LCL,RFAH_ECOLI,Escherichia coli,Prokaryote,Stability,cDNA display proteolysis,55,969,1326,258.65,High,True,RFAH_ECOLI_Tsuboyama_2023_2LCL,RFAH_ECOLI_Tsuboyama_2023_2LCL,RFAH_ECOLI_Tsuboyama_2023_2LCL,RFAH_ECOLI_Tsuboyama_2023_2LCL,NA
RL20_AQUAE_Tsuboyama_2023_1GYZ,RL20_AQUAE,Aquifex aeolicus,Prokaryote,Stability,cDNA display proteolysis,59,1121,1461,1816.95,High,True,RL20_AQUAE_Tsuboyama_2023_1GYZ,RL20_AQUAE_Tsuboyama_2023_1GYZ,RL20_AQUAE_Tsuboyama_2023_1GYZ,RL20_AQUAE_Tsuboyama_2023_1GYZ,NA
RL40A_YEAST_Mavor_2016,RL40A_YEAST,Saccharomyces cerevisiae,Eukaryote,OrganismalFitness,Growth,128,1253,1253,30.52,Medium,True,RL40A_YEAST_Mavor_2016,RL40A_YEAST_Mavor_2016,RL40A_YEAST_Mavor_2016,RL40A_YEAST_Mavor_2016,NA
RL40A_YEAST_Roscoe_2013,RL40A_YEAST,Saccharomyces cerevisiae,Eukaryote,OrganismalFitness,Growth,128,1195,1195,30.52,Medium,True,RL40A_YEAST_Mavor_2016,RL40A_YEAST_Mavor_2016,RL40A_YEAST_Mavor_2016,RL40A_YEAST_Mavor_2016,NA
RL40A_YEAST_Roscoe_2014,RL40A_YEAST,Saccharomyces cerevisiae,Eukaryote,Activity,Binding,128,1380,1380,30.52,Medium,True,RL40A_YEAST_Mavor_2016,RL40A_YEAST_Mavor_2016,RL40A_YEAST_Mavor_2016,RL40A_YEAST_Mavor_2016,NA
RNC_ECOLI_Weeks_2023,RNC_ECOLI,Escherichia coli,Prokaryote,Activity,FACS,226,4277,4277,70.7,Medium,True,RNC_ECOLI_Weeks_2023,RNC_ECOLI_Weeks_2023,RNC_ECOLI_Weeks_2023,RNC_ECOLI_Weeks_2023,NA
RPC1_BP434_Tsuboyama_2023_1R69,RPC1_BP434,Enterobacteria phage 434 (Bacteriophage 434),Virus,Stability,cDNA display proteolysis,61,1124,1459,9091.45,High,True,RPC1_BP434_Tsuboyama_2023_1R69,RPC1_BP434_Tsuboyama_2023_1R69,RPC1_BP434_Tsuboyama_2023_1R69,RPC1_BP434_Tsuboyama_2023_1R69,NA
RPC1_LAMBD_Li_2019_high-expression,RPC1_LAMBD,Escherichia phage lambda (Bacteriophage lambda),Virus,Activity,FACS,237,351,351,121.45,High,True,RPC1_LAMBD_Li_2019_low-expression,RPC1_LAMBD_Li_2019_low-expression,RPC1_LAMBD_Li_2019_low-expression,RPC1_LAMBD_Li_2019_low-expression,NA
RPC1_LAMBD_Li_2019_low-expression,RPC1_LAMBD,Escherichia phage lambda (Bacteriophage lambda),Virus,Activity,FACS,237,351,351,121.45,High,True,RPC1_LAMBD_Li_2019_low-expression,RPC1_LAMBD_Li_2019_low-expression,RPC1_LAMBD_Li_2019_low-expression,RPC1_LAMBD_Li_2019_low-expression,NA
RS15_GEOSE_Tsuboyama_2023_1A32,RS15_GEOSE,Geobacillus stearothermophilus,Prokaryote,Stability,cDNA display proteolysis,63,1195,1195,68.91,Medium,True,RS15_GEOSE_Tsuboyama_2023_1A32,RS15_GEOSE_Tsuboyama_2023_1A32,RS15_GEOSE_Tsuboyama_2023_1A32,RS15_GEOSE_Tsuboyama_2023_1A32,NA
S22A1_HUMAN_Yee_2023_abundance,S22A1_HUMAN,Homo sapiens,Human,Expression,FACS,553,9803,9803,62.71,Medium,True,S22A1_HUMAN_Yee_2023_activity,S22A1_HUMAN_Yee_2023_activity,S22A1_HUMAN_Yee_2023_activity,S22A1_HUMAN_Yee_2023_activity,NA
S22A1_HUMAN_Yee_2023_activity,S22A1_HUMAN,Homo sapiens,Human,Activity,Growth,553,10094,10094,62.71,Medium,True,S22A1_HUMAN_Yee_2023_activity,S22A1_HUMAN_Yee_2023_activity,S22A1_HUMAN_Yee_2023_activity,S22A1_HUMAN_Yee_2023_activity,NA
SAV1_MOUSE_Tsuboyama_2023_2YSB,SAV1_MOUSE,Mus musculus,Eukaryote,Stability,cDNA display proteolysis,43,679,965,105.1,High,True,SAV1_MOUSE_Tsuboyama_2023_2YSB,SAV1_MOUSE_Tsuboyama_2023_2YSB,SAV1_MOUSE_Tsuboyama_2023_2YSB,SAV1_MOUSE_Tsuboyama_2023_2YSB,NA
SBI_STAAM_Tsuboyama_2023_2JVG,SBI_STAAM,Staphylococcus aureus,Prokaryote,Stability,cDNA display proteolysis,56,1025,1025,27.03,Medium,True,SBI_STAAM_Tsuboyama_2023_2JVG,SBI_STAAM_Tsuboyama_2023_2JVG,SBI_STAAM_Tsuboyama_2023_2JVG,SBI_STAAM_Tsuboyama_2023_2JVG,NA
SC6A4_HUMAN_Young_2021,SC6A4_HUMAN,Homo sapiens,Human,Activity,Fluorescence,630,11576,11576,8.81,Medium,True,SC6A4_HUMAN_Young_2021,SC6A4_HUMAN_Young_2021,SC6A4_HUMAN_Young_2021,SC6A4_HUMAN_Young_2021,NA
SCIN_STAAR_Tsuboyama_2023_2QFF,SCIN_STAAR,Staphylococcus aureus,Prokaryote,Stability,cDNA display proteolysis,70,1212,1212,163.66,High,True,SCIN_STAAR_Tsuboyama_2023_2QFF,SCIN_STAAR_Tsuboyama_2023_2QFF,SCIN_STAAR_Tsuboyama_2023_2QFF,SCIN_STAAR_Tsuboyama_2023_2QFF,NA
SCN5A_HUMAN_Glazer_2019,SCN5A_HUMAN,Homo sapiens,Human,OrganismalFitness,,2016,224,224,26.58,Medium,True,SCN5A_HUMAN_Glazer_2019,SCN5A_HUMAN_Glazer_2019,SCN5A_HUMAN_Glazer_2019,SCN5A_HUMAN_Glazer_2019,NA
SDA_BACSU_Tsuboyama_2023_1PV0,SDA_BACSU,Bacillus subtilis,Prokaryote,Stability,cDNA display proteolysis,44,834,2770,20.05,Medium,True,SDA_BACSU_Tsuboyama_2023_1PV0,SDA_BACSU_Tsuboyama_2023_1PV0,SDA_BACSU_Tsuboyama_2023_1PV0,SDA_BACSU_Tsuboyama_2023_1PV0,NA
SERC_HUMAN_Xie_2023,SERC_HUMAN,Homo sapiens,Human,OrganismalFitness,,370,1914,1914,117.4,High,True,SERC_HUMAN_Xie_2023,SERC_HUMAN_Xie_2023,SERC_HUMAN_Xie_2023,SERC_HUMAN_Xie_2023,NA
SHOC2_HUMAN_Kwon_2022,SHOC2_HUMAN,Homo sapiens,Human,OrganismalFitness,Survival (dosed with trametinib),582,10972,10972,15.55,Medium,True,SHOC2_HUMAN_Kwon_2022,SHOC2_HUMAN_Kwon_2022,SHOC2_HUMAN_Kwon_2022,SHOC2_HUMAN_Kwon_2022,NA
SOX30_HUMAN_Tsuboyama_2023_7JJK,SOX30_HUMAN,Homo sapiens,Human,Stability,cDNA display proteolysis,57,1010,1010,262.24,High,True,SOX30_HUMAN_Tsuboyama_2023_7JJK,SOX30_HUMAN_Tsuboyama_2023_7JJK,SOX30_HUMAN_Tsuboyama_2023_7JJK,SOX30_HUMAN_Tsuboyama_2023_7JJK,NA
SPA_STAAU_Tsuboyama_2023_1LP1,SPA_STAAU,Staphylococcus aureus,Prokaryote,Stability,cDNA display proteolysis,55,1035,2105,37.48,Medium,True,SPA_STAAU_Tsuboyama_2023_1LP1,SPA_STAAU_Tsuboyama_2023_1LP1,SPA_STAAU_Tsuboyama_2023_1LP1,SPA_STAAU_Tsuboyama_2023_1LP1,NA
SPG1_STRSG_Olson_2014,SPG1_STRSG,Streptococcus sp. group G,Prokaryote,Binding,Binding,448,1045,536962,0.0,Low,True,SPG1_STRSG_Wu_2016,SPG1_STRSG_Wu_2016,SPG1_STRSG_Wu_2016,SPG1_STRSG_Wu_2016,NA
SPG1_STRSG_Wu_2016,SPG1_STRSG,Streptococcus sp. group G,Prokaryote,Binding,binding,448,76,149360,1.34,Medium,True,SPG1_STRSG_Wu_2016,SPG1_STRSG_Wu_2016,SPG1_STRSG_Wu_2016,SPG1_STRSG_Wu_2016,NA
SPG2_STRSG_Tsuboyama_2023_5UBS,SPG2_STRSG,Streptococcus sp. group G,Prokaryote,Stability,cDNA display proteolysis,56,1029,1451,56.55,Medium,True,SPG2_STRSG_Tsuboyama_2023_5UBS,SPG2_STRSG_Tsuboyama_2023_5UBS,SPG2_STRSG_Tsuboyama_2023_5UBS,SPG2_STRSG_Tsuboyama_2023_5UBS,NA
SPIKE_SARS2_Starr_2020_binding,SPIKE_SARS2,Severe acute respiratory syndrome coronavirus 2 (2019-nCoV) (SARS-CoV-2),Virus,Binding,Binding,1273,3802,3802,1.06,Medium,True,SPIKE_SARS2_Starr_2020_expression,SPIKE_SARS2_Starr_2020_expression,SPIKE_SARS2_Starr_2020_expression,SPIKE_SARS2_Starr_2020_expression,NA
SPIKE_SARS2_Starr_2020_expression,SPIKE_SARS2,Severe acute respiratory syndrome coronavirus 2 (2019-nCoV) (SARS-CoV-2),Virus,Expression,Binding,1273,3798,3798,1.06,Medium,True,SPIKE_SARS2_Starr_2020_expression,SPIKE_SARS2_Starr_2020_expression,SPIKE_SARS2_Starr_2020_expression,SPIKE_SARS2_Starr_2020_expression,NA
SPTN1_CHICK_Tsuboyama_2023_1TUD,SPTN1_CHICK,Gallus gallus,Eukaryote,Stability,cDNA display proteolysis,60,1051,3201,285.61,High,True,SPTN1_CHICK_Tsuboyama_2023_1TUD,SPTN1_CHICK_Tsuboyama_2023_1TUD,SPTN1_CHICK_Tsuboyama_2023_1TUD,SPTN1_CHICK_Tsuboyama_2023_1TUD,NA
SQSTM_MOUSE_Tsuboyama_2023_2RRU,SQSTM_MOUSE,Mus musculus,Eukaryote,Stability,cDNA display proteolysis,40,707,707,84.27,Medium,True,SQSTM_MOUSE_Tsuboyama_2023_2RRU,SQSTM_MOUSE_Tsuboyama_2023_2RRU,SQSTM_MOUSE_Tsuboyama_2023_2RRU,SQSTM_MOUSE_Tsuboyama_2023_2RRU,NA
SR43C_ARATH_Tsuboyama_2023_2N88,SR43C_ARATH,Arabidopsis thaliana,Eukaryote,Stability,cDNA display proteolysis,48,889,1583,253.55,High,True,SR43C_ARATH_Tsuboyama_2023_2N88,SR43C_ARATH_Tsuboyama_2023_2N88,SR43C_ARATH_Tsuboyama_2023_2N88,SR43C_ARATH_Tsuboyama_2023_2N88,NA
SRBS1_HUMAN_Tsuboyama_2023_2O2W,SRBS1_HUMAN,Homo sapiens,Human,Stability,cDNA display proteolysis,67,1211,1556,363.68,High,True,SRBS1_HUMAN_Tsuboyama_2023_2O2W,SRBS1_HUMAN_Tsuboyama_2023_2O2W,SRBS1_HUMAN_Tsuboyama_2023_2O2W,SRBS1_HUMAN_Tsuboyama_2023_2O2W,NA
SRC_HUMAN_Ahler_2019,SRC_HUMAN,Homo sapiens,Human,Activity,Growth,536,3372,3372,2.75,Medium,True,SRC_HUMAN_Ahler_2019,SRC_HUMAN_Ahler_2019,SRC_HUMAN_Ahler_2019,SRC_HUMAN_Ahler_2019,NA
SRC_HUMAN_Chakraborty_2023_binding-DAS_25uM,SRC_HUMAN,Homo sapiens,Human,Activity,,536,3637,3637,3.38,Medium,True,SRC_HUMAN_Ahler_2019,SRC_HUMAN_Ahler_2019,SRC_HUMAN_Ahler_2019,SRC_HUMAN_Ahler_2019,NA
SRC_HUMAN_Nguyen_2022,SRC_HUMAN,Homo sapiens,Human,OrganismalFitness,,536,3366,3366,3.38,Medium,True,SRC_HUMAN_Ahler_2019,SRC_HUMAN_Ahler_2019,SRC_HUMAN_Ahler_2019,SRC_HUMAN_Ahler_2019,NA
SUMO1_HUMAN_Weile_2017,SUMO1_HUMAN,Homo sapiens,Human,OrganismalFitness,complementation,101,1700,1700,140.9,High,True,SUMO1_HUMAN_Weile_2017,SUMO1_HUMAN_Weile_2017,SUMO1_HUMAN_Weile_2017,SUMO1_HUMAN_Weile_2017,NA
SYUA_HUMAN_Newberry_2020,SYUA_HUMAN,Homo sapiens,Human,OrganismalFitness,Growth,140,2497,2497,47.17,Medium,True,SYUA_HUMAN_Newberry_2020,SYUA_HUMAN_Newberry_2020,SYUA_HUMAN_Newberry_2020,SYUA_HUMAN_Newberry_2020,NA
TADBP_HUMAN_Bolognesi_2019,TADBP_HUMAN,Homo sapiens,Human,OrganismalFitness,Growth,414,1196,1196,0.33,Low,True,TADBP_HUMAN_Bolognesi_2019,TADBP_HUMAN_Bolognesi_2019,TADBP_HUMAN_Bolognesi_2019,TADBP_HUMAN_Bolognesi_2019,NA
TAT_HV1BR_Fernandes_2016,TAT_HV1BR,Human immunodeficiency virus type 1 group M subtype B (isolate BRU/LAI) (HIV-1),Virus,OrganismalFitness,Growth,86,1577,1577,115.56,High,True,TAT_HV1BR_Fernandes_2016,TAT_HV1BR_Fernandes_2016,TAT_HV1BR_Fernandes_2016,TAT_HV1BR_Fernandes_2016,NA
TCRG1_MOUSE_Tsuboyama_2023_1E0L,TCRG1_MOUSE,Mus musculus,Eukaryote,Stability,cDNA display proteolysis,37,621,1058,79.56,Medium,True,TCRG1_MOUSE_Tsuboyama_2023_1E0L,TCRG1_MOUSE_Tsuboyama_2023_1E0L,TCRG1_MOUSE_Tsuboyama_2023_1E0L,TCRG1_MOUSE_Tsuboyama_2023_1E0L,NA
THO1_YEAST_Tsuboyama_2023_2WQG,THO1_YEAST,Saccharomyces cerevisiae,Eukaryote,Stability,cDNA display proteolysis,41,656,1279,206.87,High,True,THO1_YEAST_Tsuboyama_2023_2WQG,THO1_YEAST_Tsuboyama_2023_2WQG,THO1_YEAST_Tsuboyama_2023_2WQG,THO1_YEAST_Tsuboyama_2023_2WQG,NA
TNKS2_HUMAN_Tsuboyama_2023_5JRT,TNKS2_HUMAN,Homo sapiens,Human,Stability,cDNA display proteolysis,59,1118,1479,195.89,High,True,TNKS2_HUMAN_Tsuboyama_2023_5JRT,TNKS2_HUMAN_Tsuboyama_2023_5JRT,TNKS2_HUMAN_Tsuboyama_2023_5JRT,TNKS2_HUMAN_Tsuboyama_2023_5JRT,NA
TPK1_HUMAN_Weile_2017,TPK1_HUMAN,Homo sapiens,Human,OrganismalFitness,complementation,243,3181,3181,29.93,Medium,True,TPK1_HUMAN_Weile_2017,TPK1_HUMAN_Weile_2017,TPK1_HUMAN_Weile_2017,TPK1_HUMAN_Weile_2017,NA
TPMT_HUMAN_Matreyek_2018,TPMT_HUMAN,Homo sapiens,Human,Expression,Protein stability,245,3648,3648,26.71,Medium,True,TPMT_HUMAN_Matreyek_2018,TPMT_HUMAN_Matreyek_2018,TPMT_HUMAN_Matreyek_2018,TPMT_HUMAN_Matreyek_2018,NA
TPOR_HUMAN_Bridgford_2020,TPOR_HUMAN,Homo sapiens,Human,OrganismalFitness,Growth,635,562,562,0.19,Low,True,TPOR_HUMAN_Bridgford_2020,TPOR_HUMAN_Bridgford_2020,TPOR_HUMAN_Bridgford_2020,TPOR_HUMAN_Bridgford_2020,NA
TRPC_SACS2_Chan_2017,TRPC_SACS2,Thermus thermophilus,Prokaryote,OrganismalFitness,Growth,248,1519,1519,41.98,Medium,True,TRPC_SACS2_Chan_2017,TRPC_SACS2_Chan_2017,TRPC_SACS2_Chan_2017,TRPC_SACS2_Chan_2017,NA
TRPC_THEMA_Chan_2017,TRPC_THEMA,Thermus thermophilus,Prokaryote,OrganismalFitness,Growth,252,1519,1519,41.51,Medium,True,TRPC_THEMA_Chan_2017,TRPC_THEMA_Chan_2017,TRPC_THEMA_Chan_2017,TRPC_SACS2_Chan_2017,NA
UBC9_HUMAN_Weile_2017,UBC9_HUMAN,Homo sapiens,Human,OrganismalFitness,complementation,159,2563,2563,55.33,Medium,True,UBC9_HUMAN_Weile_2017,UBC9_HUMAN_Weile_2017,UBC9_HUMAN_Weile_2017,UBC9_HUMAN_Weile_2017,NA
UBE4B_HUMAN_Tsuboyama_2023_3L1X,UBE4B_HUMAN,Homo sapiens,Human,Stability,cDNA display proteolysis,69,1118,3622,506.27,High,True,UBE4B_HUMAN_Tsuboyama_2023_3L1X,UBE4B_HUMAN_Tsuboyama_2023_3L1X,UBE4B_HUMAN_Tsuboyama_2023_3L1X,UBE4B_HUMAN_Tsuboyama_2023_3L1X,NA
UBE4B_MOUSE_Starita_2013,UBE4B_MOUSE,Mus musculus,Eukaryote,Activity,Auto-ubiquitination,1173,899,899,0.64,Low,True,UBE4B_MOUSE_Starita_2013,UBE4B_MOUSE_Starita_2013,UBE4B_MOUSE_Starita_2013,UBE4B_MOUSE_Starita_2013,NA
UBR5_HUMAN_Tsuboyama_2023_1I2T,UBR5_HUMAN,Homo sapiens,Human,Stability,cDNA display proteolysis,58,1094,1453,17.55,Medium,True,UBR5_HUMAN_Tsuboyama_2023_1I2T,UBR5_HUMAN_Tsuboyama_2023_1I2T,UBR5_HUMAN_Tsuboyama_2023_1I2T,UBR5_HUMAN_Tsuboyama_2023_1I2T,NA
VG08_BPP22_Tsuboyama_2023_2GP8,VG08_BPP22,Salmonella phage P22 (Bacteriophage P22),Virus,Stability,cDNA display proteolysis,40,723,723,1177.87,High,True,VG08_BPP22_Tsuboyama_2023_2GP8,VG08_BPP22_Tsuboyama_2023_2GP8,VG08_BPP22_Tsuboyama_2023_2GP8,VG08_BPP22_Tsuboyama_2023_2GP8,NA
VILI_CHICK_Tsuboyama_2023_1YU5,VILI_CHICK,Gallus gallus,Eukaryote,Stability,cDNA display proteolysis,65,1202,2568,761.62,High,True,VILI_CHICK_Tsuboyama_2023_1YU5,VILI_CHICK_Tsuboyama_2023_1YU5,VILI_CHICK_Tsuboyama_2023_1YU5,VILI_CHICK_Tsuboyama_2023_1YU5,NA
VKOR1_HUMAN_Chiasson_2020_abundance,VKOR1_HUMAN,Homo sapiens,Human,Expression,Fluorescence,163,2695,2695,29.05,Medium,True,VKOR1_HUMAN_Chiasson_2020_activity,VKOR1_HUMAN_Chiasson_2020_activity,VKOR1_HUMAN_Chiasson_2020_activity,VKOR1_HUMAN_Chiasson_2020_activity,NA
VKOR1_HUMAN_Chiasson_2020_activity,VKOR1_HUMAN,Homo sapiens,Human,Activity,enzymatic activity,163,697,697,29.05,Medium,True,VKOR1_HUMAN_Chiasson_2020_activity,VKOR1_HUMAN_Chiasson_2020_activity,VKOR1_HUMAN_Chiasson_2020_activity,VKOR1_HUMAN_Chiasson_2020_activity,NA
VRPI_BPT7_Tsuboyama_2023_2WNM,VRPI_BPT7,Escherichia phage T7 (Bacteriophage T7),Virus,Stability,cDNA display proteolysis,56,1047,1047,81.19,Medium,True,VRPI_BPT7_Tsuboyama_2023_2WNM,VRPI_BPT7_Tsuboyama_2023_2WNM,VRPI_BPT7_Tsuboyama_2023_2WNM,VRPI_BPT7_Tsuboyama_2023_2WNM,NA
YAIA_ECOLI_Tsuboyama_2023_2KVT,YAIA_ECOLI,Escherichia coli,Prokaryote,Stability,cDNA display proteolysis,52,928,1890,16.25,Medium,True,YAIA_ECOLI_Tsuboyama_2023_2KVT,YAIA_ECOLI_Tsuboyama_2023_2KVT,YAIA_ECOLI_Tsuboyama_2023_2KVT,YAIA_ECOLI_Tsuboyama_2023_2KVT,NA
YAP1_HUMAN_Araya_2012,YAP1_HUMAN,Homo sapiens,Human,Binding,Binding,504,362,10075,0.26,Low,True,YAP1_HUMAN_Araya_2012,YAP1_HUMAN_Araya_2012,YAP1_HUMAN_Araya_2012,YAP1_HUMAN_Araya_2012,NA
YNZC_BACSU_Tsuboyama_2023_2JVD,YNZC_BACSU,Bacillus subtilis,Prokaryote,Stability,cDNA display proteolysis,39,714,2300,40.99,Medium,True,YNZC_BACSU_Tsuboyama_2023_2JVD,YNZC_BACSU_Tsuboyama_2023_2JVD,YNZC_BACSU_Tsuboyama_2023_2JVD,YNZC_BACSU_Tsuboyama_2023_2JVD,NA
