model,segment,source,beta_inject,power,mde
progen2,upper,rho ~ lp + C(assay),0.0,0.0085,
progen2,upper,rho ~ lp + C(assay),-0.004,0.034,
progen2,upper,rho ~ lp + C(assay),-0.006,0.0545,
progen2,upper,rho ~ lp + C(assay),-0.008,0.0955,
progen2,upper,rho ~ lp + C(assay),-0.01,0.15,
progen2,upper,rho ~ lp + C(assay),-0.012,0.231,
progen2,upper,rho ~ lp + C(assay),-0.014,0.323,
progen2,upper,rho ~ lp + C(assay),-0.0153,0.3855,
progen2,upper,rho ~ lp + C(assay),-0.016,0.4205,
progen2,upper,rho ~ lp + C(assay),-0.018,0.522,
progen2,upper,rho ~ lp + C(assay),-0.02,0.619,
progen2,upper,rho ~ lp + C(assay),-0.022,0.7085,
progen2,upper,rho ~ lp + C(assay),-0.024,0.775,
progen2,upper,rho ~ lp + C(assay),-0.0245,0.7915,
progen2,upper,rho ~ lp + C(assay),-0.026,0.8405,
progen2,upper,rho ~ lp + C(assay),-0.028,0.8905,
progen2,upper,rho ~ lp + C(assay),-0.03,0.9305,
progen2,upper,rho ~ lp + C(assay),-0.032,0.954,
progen2,upper,rho ~ lp + C(assay),-0.034,0.9735,
progen2,upper,rho ~ lp + C(assay),-0.036,0.984,
progen2,upper,rho ~ lp + C(assay),-0.038,0.9905,
progen2,upper,rho ~ lp + C(assay),-0.04,0.9945,
progen2,upper,rho ~ lp + C(assay),,,-0.024760204081632656
progen2,upper,rho ~ lp + lp:ld + C(assay),0.0,0.0075,
progen2,upper,rho ~ lp + lp:ld + C(assay),-0.004,0.034,
progen2,upper,rho ~ lp + lp:ld + C(assay),-0.006,0.055,
progen2,upper,rho ~ lp + lp:ld + C(assay),-0.008,0.094,
progen2,upper,rho ~ lp + lp:ld + C(assay),-0.01,0.15,
progen2,upper,rho ~ lp + lp:ld + C(assay),-0.012,0.2335,
progen2,upper,rho ~ lp + lp:ld + C(assay),-0.014,0.3235,
progen2,upper,rho ~ lp + lp:ld + C(assay),-0.0153,0.388,
progen2,upper,rho ~ lp + lp:ld + C(assay),-0.016,0.425,
progen2,upper,rho ~ lp + lp:ld + C(assay),-0.018,0.5255,
progen2,upper,rho ~ lp + lp:ld + C(assay),-0.02,0.6215,
progen2,upper,rho ~ lp + lp:ld + C(assay),-0.022,0.7125,
progen2,upper,rho ~ lp + lp:ld + C(assay),-0.024,0.7775,
progen2,upper,rho ~ lp + lp:ld + C(assay),-0.0245,0.7955,
progen2,upper,rho ~ lp + lp:ld + C(assay),-0.026,0.84,
progen2,upper,rho ~ lp + lp:ld + C(assay),-0.028,0.8915,
progen2,upper,rho ~ lp + lp:ld + C(assay),-0.03,0.929,
progen2,upper,rho ~ lp + lp:ld + C(assay),-0.032,0.956,
progen2,upper,rho ~ lp + lp:ld + C(assay),-0.034,0.975,
progen2,upper,rho ~ lp + lp:ld + C(assay),-0.036,0.9825,
progen2,upper,rho ~ lp + lp:ld + C(assay),-0.038,0.991,
progen2,upper,rho ~ lp + lp:ld + C(assay),-0.04,0.9955,
progen2,upper,rho ~ lp + lp:ld + C(assay),,,-0.02465168539325843
progen2,full,rho ~ lp + C(assay),0.0,0.0095,
progen2,full,rho ~ lp + C(assay),-0.004,0.0645,
progen2,full,rho ~ lp + C(assay),-0.006,0.1295,
progen2,full,rho ~ lp + C(assay),-0.008,0.225,
progen2,full,rho ~ lp + C(assay),-0.01,0.3305,
progen2,full,rho ~ lp + C(assay),-0.012,0.4835,
progen2,full,rho ~ lp + C(assay),-0.014,0.6265,
progen2,full,rho ~ lp + C(assay),-0.0153,0.7085,
progen2,full,rho ~ lp + C(assay),-0.016,0.7525,
progen2,full,rho ~ lp + C(assay),-0.018,0.8465,
progen2,full,rho ~ lp + C(assay),-0.02,0.9135,
progen2,full,rho ~ lp + C(assay),-0.022,0.96,
progen2,full,rho ~ lp + C(assay),-0.024,0.9805,
progen2,full,rho ~ lp + C(assay),-0.0245,0.986,
progen2,full,rho ~ lp + C(assay),-0.026,0.99,
progen2,full,rho ~ lp + C(assay),-0.028,0.9975,
progen2,full,rho ~ lp + C(assay),-0.03,0.999,
progen2,full,rho ~ lp + C(assay),-0.032,0.9995,
progen2,full,rho ~ lp + C(assay),-0.034,1.0,
progen2,full,rho ~ lp + C(assay),-0.036,1.0,
progen2,full,rho ~ lp + C(assay),-0.038,1.0,
progen2,full,rho ~ lp + C(assay),-0.04,1.0,
progen2,full,rho ~ lp + C(assay),,,-0.01701063829787234
progen2,full,rho ~ lp + lp:ld + C(assay),0.0,0.0095,
progen2,full,rho ~ lp + lp:ld + C(assay),-0.004,0.0655,
progen2,full,rho ~ lp + lp:ld + C(assay),-0.006,0.13,
progen2,full,rho ~ lp + lp:ld + C(assay),-0.008,0.225,
progen2,full,rho ~ lp + lp:ld + C(assay),-0.01,0.3285,
progen2,full,rho ~ lp + lp:ld + C(assay),-0.012,0.483,
progen2,full,rho ~ lp + lp:ld + C(assay),-0.014,0.6275,
progen2,full,rho ~ lp + lp:ld + C(assay),-0.0153,0.708,
progen2,full,rho ~ lp + lp:ld + C(assay),-0.016,0.752,
progen2,full,rho ~ lp + lp:ld + C(assay),-0.018,0.847,
progen2,full,rho ~ lp + lp:ld + C(assay),-0.02,0.9115,
progen2,full,rho ~ lp + lp:ld + C(assay),-0.022,0.96,
progen2,full,rho ~ lp + lp:ld + C(assay),-0.024,0.9805,
progen2,full,rho ~ lp + lp:ld + C(assay),-0.0245,0.986,
progen2,full,rho ~ lp + lp:ld + C(assay),-0.026,0.99,
progen2,full,rho ~ lp + lp:ld + C(assay),-0.028,0.9975,
progen2,full,rho ~ lp + lp:ld + C(assay),-0.03,0.999,
progen2,full,rho ~ lp + lp:ld + C(assay),-0.032,0.9995,
progen2,full,rho ~ lp + lp:ld + C(assay),-0.034,1.0,
progen2,full,rho ~ lp + lp:ld + C(assay),-0.036,1.0,
progen2,full,rho ~ lp + lp:ld + C(assay),-0.038,1.0,
progen2,full,rho ~ lp + lp:ld + C(assay),-0.04,1.0,
progen2,full,rho ~ lp + lp:ld + C(assay),,,-0.017010526315789476
progen3,upper,rho ~ lp + C(assay),0.0,0.01,
progen3,upper,rho ~ lp + C(assay),-0.004,0.0315,
progen3,upper,rho ~ lp + C(assay),-0.006,0.054,
progen3,upper,rho ~ lp + C(assay),-0.008,0.084,
progen3,upper,rho ~ lp + C(assay),-0.01,0.123,
progen3,upper,rho ~ lp + C(assay),-0.012,0.179,
progen3,upper,rho ~ lp + C(assay),-0.014,0.2545,
progen3,upper,rho ~ lp + C(assay),-0.0153,0.3105,
progen3,upper,rho ~ lp + C(assay),-0.016,0.3415,
progen3,upper,rho ~ lp + C(assay),-0.018,0.4325,
progen3,upper,rho ~ lp + C(assay),-0.02,0.526,
progen3,upper,rho ~ lp + C(assay),-0.022,0.624,
progen3,upper,rho ~ lp + C(assay),-0.024,0.7155,
progen3,upper,rho ~ lp + C(assay),-0.026,0.784,
progen3,upper,rho ~ lp + C(assay),-0.028,0.838,
progen3,upper,rho ~ lp + C(assay),-0.0283,0.847,
progen3,upper,rho ~ lp + C(assay),-0.03,0.886,
progen3,upper,rho ~ lp + C(assay),-0.032,0.92,
progen3,upper,rho ~ lp + C(assay),-0.034,0.9515,
progen3,upper,rho ~ lp + C(assay),-0.036,0.97,
progen3,upper,rho ~ lp + C(assay),-0.038,0.9825,
progen3,upper,rho ~ lp + C(assay),-0.04,0.991,
progen3,upper,rho ~ lp + C(assay),,,-0.026592592592592595
progen3,upper,rho ~ lp + lp:ld + C(assay),0.0,0.009,
progen3,upper,rho ~ lp + lp:ld + C(assay),-0.004,0.032,
progen3,upper,rho ~ lp + lp:ld + C(assay),-0.006,0.0535,
progen3,upper,rho ~ lp + lp:ld + C(assay),-0.008,0.0845,
progen3,upper,rho ~ lp + lp:ld + C(assay),-0.01,0.1215,
progen3,upper,rho ~ lp + lp:ld + C(assay),-0.012,0.1805,
progen3,upper,rho ~ lp + lp:ld + C(assay),-0.014,0.254,
progen3,upper,rho ~ lp + lp:ld + C(assay),-0.0153,0.306,
progen3,upper,rho ~ lp + lp:ld + C(assay),-0.016,0.3425,
progen3,upper,rho ~ lp + lp:ld + C(assay),-0.018,0.434,
progen3,upper,rho ~ lp + lp:ld + C(assay),-0.02,0.5305,
progen3,upper,rho ~ lp + lp:ld + C(assay),-0.022,0.6215,
progen3,upper,rho ~ lp + lp:ld + C(assay),-0.024,0.715,
progen3,upper,rho ~ lp + lp:ld + C(assay),-0.026,0.7845,
progen3,upper,rho ~ lp + lp:ld + C(assay),-0.028,0.8395,
progen3,upper,rho ~ lp + lp:ld + C(assay),-0.0283,0.8465,
progen3,upper,rho ~ lp + lp:ld + C(assay),-0.03,0.8885,
progen3,upper,rho ~ lp + lp:ld + C(assay),-0.032,0.922,
progen3,upper,rho ~ lp + lp:ld + C(assay),-0.034,0.953,
progen3,upper,rho ~ lp + lp:ld + C(assay),-0.036,0.971,
progen3,upper,rho ~ lp + lp:ld + C(assay),-0.038,0.983,
progen3,upper,rho ~ lp + lp:ld + C(assay),-0.04,0.99,
progen3,upper,rho ~ lp + lp:ld + C(assay),,,-0.026563636363636366
progen3,full,rho ~ lp + C(assay),0.0,0.0105,
progen3,full,rho ~ lp + C(assay),-0.004,0.0425,
progen3,full,rho ~ lp + C(assay),-0.006,0.0685,
progen3,full,rho ~ lp + C(assay),-0.008,0.1175,
progen3,full,rho ~ lp + C(assay),-0.01,0.1715,
progen3,full,rho ~ lp + C(assay),-0.012,0.246,
progen3,full,rho ~ lp + C(assay),-0.014,0.318,
progen3,full,rho ~ lp + C(assay),-0.0153,0.377,
progen3,full,rho ~ lp + C(assay),-0.016,0.411,
progen3,full,rho ~ lp + C(assay),-0.018,0.51,
progen3,full,rho ~ lp + C(assay),-0.02,0.597,
progen3,full,rho ~ lp + C(assay),-0.022,0.6805,
progen3,full,rho ~ lp + C(assay),-0.024,0.7665,
progen3,full,rho ~ lp + C(assay),-0.026,0.8315,
progen3,full,rho ~ lp + C(assay),-0.028,0.8875,
progen3,full,rho ~ lp + C(assay),-0.0283,0.8925,
progen3,full,rho ~ lp + C(assay),-0.03,0.928,
progen3,full,rho ~ lp + C(assay),-0.032,0.952,
progen3,full,rho ~ lp + C(assay),-0.034,0.971,
progen3,full,rho ~ lp + C(assay),-0.036,0.982,
progen3,full,rho ~ lp + C(assay),-0.038,0.9885,
progen3,full,rho ~ lp + C(assay),-0.04,0.9955,
progen3,full,rho ~ lp + C(assay),,,-0.02503076923076923
progen3,full,rho ~ lp + lp:ld + C(assay),0.0,0.01,
progen3,full,rho ~ lp + lp:ld + C(assay),-0.004,0.0435,
progen3,full,rho ~ lp + lp:ld + C(assay),-0.006,0.068,
progen3,full,rho ~ lp + lp:ld + C(assay),-0.008,0.116,
progen3,full,rho ~ lp + lp:ld + C(assay),-0.01,0.172,
progen3,full,rho ~ lp + lp:ld + C(assay),-0.012,0.244,
progen3,full,rho ~ lp + lp:ld + C(assay),-0.014,0.3175,
progen3,full,rho ~ lp + lp:ld + C(assay),-0.0153,0.377,
progen3,full,rho ~ lp + lp:ld + C(assay),-0.016,0.4125,
progen3,full,rho ~ lp + lp:ld + C(assay),-0.018,0.5075,
progen3,full,rho ~ lp + lp:ld + C(assay),-0.02,0.5935,
progen3,full,rho ~ lp + lp:ld + C(assay),-0.022,0.6795,
progen3,full,rho ~ lp + lp:ld + C(assay),-0.024,0.766,
progen3,full,rho ~ lp + lp:ld + C(assay),-0.026,0.8315,
progen3,full,rho ~ lp + lp:ld + C(assay),-0.028,0.887,
progen3,full,rho ~ lp + lp:ld + C(assay),-0.0283,0.893,
progen3,full,rho ~ lp + lp:ld + C(assay),-0.03,0.929,
progen3,full,rho ~ lp + lp:ld + C(assay),-0.032,0.953,
progen3,full,rho ~ lp + lp:ld + C(assay),-0.034,0.9715,
progen3,full,rho ~ lp + lp:ld + C(assay),-0.036,0.982,
progen3,full,rho ~ lp + lp:ld + C(assay),-0.038,0.9895,
progen3,full,rho ~ lp + lp:ld + C(assay),-0.04,0.9955,
progen3,full,rho ~ lp + lp:ld + C(assay),,,-0.025038167938931297
