model,analysis,segment,term,pts,log_span,beta,se,p,boot_lo,boot_med,boot_hi,ratio_esm2,ratio_conf
progen2,A1_extent,764M+,lp:ld,3,0.923,0.006385186662754387,0.01228338826745658,0.60318700821443,-0.011552093329852204,0.006145330477710209,0.02457664715988226,-0.4179946916309133,-0.26040041015926685
progen2,A1_extent,151M+,lp:ld,4,1.627,0.0010300496550725955,0.007764505826541323,0.8944612281663696,-0.011486727454752066,0.0011711233326946453,0.014044115555390995,-0.0674303369152984,-0.04200744110268664
progen2,A2_segmented,full,lp_hi:ld,4,1.627,0.006385186662754162,,0.5817543650714683,-0.016334841964670388,0.006385186662754162,0.02910521529017871,-0.41799469163089853,-0.2604004101592577
progen2,A2_segmented,full,lp_lo:ld,4,1.627,-0.006359306132946847,,0.5320447726724677,-0.02630530795219287,-0.006359306132946847,0.013586695686299177,0.4163004695748456,0.25934495149643183
progen3,A1_extent,762M+,lp:ld,3,0.595,-0.003136508027208507,0.010741098188170895,0.7702789820363145,-0.017888884196077457,-0.0029590158052423977,0.01277728450981696,0.20532582285783282,0.11088515709048757
progen3,A1_extent,339M+,lp:ld,4,0.947,-0.012564550291594862,0.016219931647286905,0.43855451176851257,-0.03323622433471493,-0.01232182950374281,0.007451382379926051,0.8225155507592897,0.4441953027918108
progen3,A1_extent,219M+,lp:ld,5,1.137,-0.003790415489259246,0.015331252225196086,0.8047266957084102,-0.024289982130244955,-0.0035055453973029354,0.017271641020587866,0.2481326916921333,0.13400278695884502
progen3,A1_extent,112M+,lp:ld,6,1.428,0.0031405135116198465,0.013654116211222672,0.8180879690884666,-0.015295408266425031,0.00315889167128998,0.022990900204598496,-0.20558803464736697,-0.11102676322199498
progen3,A2_segmented,full,lp_hi:ld,6,1.428,-0.010362171657733841,,0.38001457060683197,-0.03349714153864726,-0.010362171657733841,0.012772798223179579,0.6783408184393834,0.36633447837499566
progen3,A2_segmented,full,lp_lo:ld,6,1.428,0.0111943966257769,,0.5226228628245061,-0.023124943764527298,0.0111943966257769,0.04551373701608109,-0.7328209201588601,-0.3957561777666631
esm2,A1_extent,650M+,lp:ld,3,1.363,-0.01527576017255376,0.005975340396344528,0.010574111878293888,-0.02467421694222211,-0.015221671967300412,-0.00743166361311632,1.0000000000000013,
esm2,A1_extent,150M+,lp:ld,4,2.0,-0.013261784089321469,0.0048014206822522025,0.0057438945042705605,-0.021428480805251098,-0.013196114242753819,-0.0055259527131196525,0.8681586997646885,
esm2,A1_extent,35M+,lp:ld,5,2.632,-0.01562055053399136,0.005799915398615691,0.007076181009390889,-0.02409437521139859,-0.015618891445403162,-0.007461100011232686,1.0225710771537977,
esm2,A1_extent,8M+,lp:ld,6,3.273,-0.005494266784306744,0.0057636181043448104,0.3404548207256093,-0.013331136602514098,-0.005479456422799081,0.0029324205650103465,0.3596722338033561,
esm2,A2_segmented,full,lp_hi:ld,6,3.273,-0.021271895397306027,,0.00024560113054011574,-0.03264205633478086,-0.021271895397306027,-0.0099017344598312,1.3925261431850484,
esm2,A2_segmented,full,lp_lo:ld,6,3.273,0.004628085274460688,,0.6238314249708956,-0.013867779171286333,0.004628085274460688,0.023123949720207707,-0.3029692285151256,
